order_id,order_date,order_time,customer_id,restaurant_id,food_item_id,quantity,price,delivery_time_minutes,weather_condition,is_weekend,is_holiday
1000,2023-02-21,20:07:00,C120,R005,F015,2,8.12,25,Cloudy,0,0
1001,2023-03-29,14:35:00,C121,R003,F007,2,19.44,44,Rainy,0,0
1002,2023-01-02,21:20:00,C175,R001,F002,2,5.14,39,Sunny,0,0
1003,2023-02-28,19:27:00,C179,R004,F012,2,6.81,58,Cloudy,0,0
1004,2023-03-05,18:02:00,C150,R005,F015,1,14.01,32,Sunny,1,0
1005,2023-03-01,11:57:00,C189,R001,F001,2,18.68,21,Sunny,0,0
1006,2023-01-08,12:13:00,C135,R001,F002,2,13.5,56,Rainy,1,0
1007,2023-03-04,11:25:00,C133,R004,F011,2,23.53,45,Cloudy,1,0
1008,2023-03-13,16:59:00,C161,R001,F001,1,10.43,38,Rainy,0,0
1009,2023-03-30,21:59:00,C140,R004,F010,3,8.31,39,Cloudy,0,0
1010,2023-01-09,17:00:00,C107,R004,F012,3,8.98,22,Cloudy,0,0
1011,2023-02-04,10:58:00,C140,R005,F015,1,17.47,48,Sunny,1,0
1012,2023-02-17,16:22:00,C198,R005,F014,3,16.22,49,Sunny,0,0
1013,2023-02-16,12:00:00,C189,R005,F015,3,10.12,41,Sunny,0,0
1014,2023-03-20,19:41:00,C176,R004,F012,3,22.92,46,Rainy,0,0
1015,2023-01-23,16:44:00,C128,R003,F007,3,10.8,36,Rainy,0,0
1016,2023-02-11,18:52:00,C127,R004,F011,2,15.79,42,Sunny,1,0
1017,2023-03-03,10:00:00,C126,R001,F002,1,21.36,55,Cloudy,0,0
1018,2023-03-11,17:26:00,C161,R001,F001,1,7.4,58,Cloudy,1,0
1019,2023-02-28,15:31:00,C151,R001,F001,2,24.44,26,Rainy,0,0
1020,2023-02-08,11:02:00,C155,R001,F001,3,17.19,16,Rainy,0,0
1021,2023-03-28,14:31:00,C100,R001,F003,2,7.9,58,Rainy,0,0
1022,2023-02-01,15:31:00,C154,R004,F012,3,9.84,52,Sunny,0,0
1023,2023-03-11,15:10:00,C172,R001,F003,2,18.92,17,Cloudy,1,0
1024,2023-02-05,12:25:00,C118,R003,F009,1,18.82,53,Rainy,1,0
1025,2023-01-01,20:27:00,C188,R001,F002,3,15.83,56,Cloudy,1,1
1026,2023-01-07,21:15:00,C159,R002,F004,2,24.93,26,Sunny,1,0
1027,2023-02-06,20:54:00,C198,R001,F003,3,22.13,47,Cloudy,0,0
1028,2023-03-13,13:37:00,C198,R004,F011,1,18.27,43,Rainy,0,0
1029,2023-03-23,11:53:00,C179,R003,F007,1,8.52,18,Sunny,0,0
1030,2023-01-14,14:47:00,C107,R004,F012,3,18.15,47,Cloudy,1,0
1031,2023-03-27,16:21:00,C150,R005,F014,3,13.69,35,Rainy,0,0
1032,2023-01-28,10:04:00,C160,R004,F012,3,20.37,31,Rainy,1,0
1033,2023-02-15,14:05:00,C136,R003,F007,1,16.06,45,Cloudy,0,0
1034,2023-03-01,10:51:00,C184,R005,F015,1,11.34,32,Sunny,0,0
1035,2023-02-23,19:02:00,C131,R002,F006,2,12.17,41,Rainy,0,0
1036,2023-01-02,19:16:00,C108,R001,F003,2,12.19,43,Rainy,0,0
1037,2023-01-26,12:49:00,C123,R001,F001,2,5.1,50,Sunny,0,0
1038,2023-01-20,10:07:00,C186,R004,F012,2,6.88,37,Cloudy,0,0
1039,2023-03-27,12:24:00,C162,R002,F005,1,21.78,36,Sunny,0,0
1040,2023-02-21,19:05:00,C159,R003,F007,1,21.56,58,Sunny,0,0
1041,2023-03-09,15:44:00,C193,R004,F012,3,17.75,30,Sunny,0,0
1042,2023-01-30,12:16:00,C191,R003,F008,3,10.02,40,Sunny,0,0
1043,2023-03-03,16:08:00,C100,R004,F011,2,8.13,48,Rainy,0,0
1044,2023-02-17,18:39:00,C100,R005,F013,3,18.14,19,Rainy,0,0
1045,2023-03-08,21:25:00,C185,R003,F007,1,7.32,19,Cloudy,0,0
1046,2023-03-03,13:04:00,C115,R004,F011,2,14.83,53,Sunny,0,0
1047,2023-01-23,19:09:00,C199,R005,F014,3,5.31,33,Rainy,0,0
1048,2023-01-01,17:04:00,C103,R005,F015,2,5.53,46,Cloudy,1,1
1049,2023-03-25,17:11:00,C134,R002,F004,1,21.22,57,Sunny,1,0
1050,2023-01-12,12:00:00,C139,R001,F002,3,8.92,27,Cloudy,0,0
1051,2023-02-15,11:50:00,C134,R002,F006,1,18.11,43,Rainy,0,0
1052,2023-03-15,19:33:00,C106,R003,F008,1,11.97,25,Sunny,0,0
1053,2023-02-05,18:20:00,C135,R005,F014,1,20.01,49,Sunny,1,0
1054,2023-02-05,11:48:00,C111,R005,F013,3,20.02,39,Cloudy,1,0
1055,2023-01-30,10:48:00,C188,R004,F011,1,22.91,50,Sunny,0,0
1056,2023-01-19,21:08:00,C177,R004,F012,3,14.86,30,Sunny,0,0
1057,2023-03-10,12:11:00,C151,R001,F003,1,20.05,37,Sunny,0,0
1058,2023-02-08,14:41:00,C138,R002,F005,3,6.12,49,Cloudy,0,0
1059,2023-03-16,11:46:00,C108,R004,F011,2,17.36,52,Cloudy,0,0
1060,2023-02-15,17:41:00,C149,R001,F003,2,7.93,43,Sunny,0,0
1061,2023-02-07,12:07:00,C164,R005,F014,1,23.94,39,Sunny,0,0
1062,2023-01-04,13:05:00,C130,R004,F012,1,12.56,53,Cloudy,0,0
1063,2023-03-15,19:18:00,C144,R003,F007,2,14.37,34,Sunny,0,0
1064,2023-02-08,10:02:00,C191,R005,F014,1,12.5,39,Sunny,0,0
1065,2023-02-07,14:05:00,C143,R002,F004,1,5.86,35,Rainy,0,0
1066,2023-03-26,20:59:00,C135,R005,F015,3,24.39,32,Cloudy,1,0
1067,2023-02-18,10:52:00,C115,R003,F009,1,23.31,24,Rainy,1,0
1068,2023-03-17,17:27:00,C107,R005,F014,2,12.77,42,Sunny,0,0
1069,2023-02-10,13:26:00,C172,R001,F001,1,21.28,42,Sunny,0,0
1070,2023-01-13,12:05:00,C168,R002,F006,1,13.36,44,Rainy,0,0
1071,2023-01-05,16:55:00,C164,R001,F002,3,8.01,35,Rainy,0,0
1072,2023-03-04,18:21:00,C126,R003,F007,1,6.27,55,Cloudy,1,0
1073,2023-01-01,14:47:00,C180,R004,F010,3,20.0,17,Sunny,1,1
1074,2023-01-23,14:52:00,C173,R005,F014,3,9.95,28,Sunny,0,0
1075,2023-01-01,12:44:00,C103,R005,F014,1,18.43,46,Rainy,1,1
1076,2023-03-13,16:25:00,C133,R002,F005,2,21.63,26,Sunny,0,0
1077,2023-02-23,21:04:00,C156,R003,F007,3,5.58,29,Sunny,0,0
1078,2023-03-26,11:10:00,C137,R003,F008,2,17.16,32,Rainy,1,0
1079,2023-03-20,20:50:00,C151,R002,F004,2,14.02,29,Rainy,0,0
1080,2023-02-20,10:04:00,C103,R005,F014,1,14.84,34,Sunny,0,0
1081,2023-02-03,15:52:00,C176,R002,F005,3,16.59,25,Cloudy,0,0
1082,2023-01-23,16:15:00,C115,R003,F007,3,22.49,41,Sunny,0,0
1083,2023-02-01,11:57:00,C118,R003,F007,1,11.9,56,Sunny,0,0
1084,2023-01-22,14:05:00,C104,R001,F001,2,22.88,28,Rainy,1,0
1085,2023-02-14,20:08:00,C146,R002,F004,2,6.64,44,Cloudy,0,0
1086,2023-03-04,10:25:00,C100,R004,F010,3,8.69,29,Cloudy,1,0
1087,2023-02-25,15:13:00,C127,R002,F006,2,14.25,59,Rainy,1,0
1088,2023-01-14,20:55:00,C106,R003,F009,3,21.89,57,Cloudy,1,0
1089,2023-01-18,19:37:00,C114,R003,F007,3,12.55,24,Cloudy,0,0
1090,2023-02-26,10:38:00,C143,R002,F004,1,11.86,39,Rainy,1,0
1091,2023-03-08,18:44:00,C199,R002,F006,2,16.74,22,Sunny,0,0
1092,2023-03-24,19:40:00,C105,R005,F014,2,9.89,59,Rainy,0,0
1093,2023-02-02,14:21:00,C169,R005,F014,3,14.76,44,Cloudy,0,0
1094,2023-03-03,17:54:00,C102,R001,F003,3,13.21,50,Cloudy,0,0
1095,2023-01-06,11:19:00,C174,R004,F012,2,24.5,44,Rainy,0,0
1096,2023-02-20,18:01:00,C107,R003,F008,3,21.77,19,Rainy,0,0
1097,2023-01-26,15:03:00,C183,R003,F007,1,15.6,15,Rainy,0,0
1098,2023-01-14,15:36:00,C199,R003,F007,3,16.88,20,Rainy,1,0
1099,2023-01-10,14:22:00,C143,R002,F005,1,18.69,34,Sunny,0,0
1100,2023-03-04,14:08:00,C108,R001,F003,3,14.43,49,Rainy,1,0
1101,2023-02-18,14:59:00,C149,R004,F011,1,19.62,23,Rainy,1,0
1102,2023-03-17,12:34:00,C139,R001,F002,1,7.8,55,Sunny,0,0
1103,2023-01-14,21:29:00,C184,R003,F007,1,9.71,28,Rainy,1,0
1104,2023-03-03,13:24:00,C141,R005,F013,2,21.33,53,Rainy,0,0
1105,2023-02-01,12:37:00,C122,R001,F003,3,16.55,31,Sunny,0,0
1106,2023-03-07,14:39:00,C138,R003,F009,2,23.8,21,Cloudy,0,0
1107,2023-03-13,19:51:00,C132,R005,F014,3,16.46,43,Rainy,0,0
1108,2023-02-26,10:36:00,C154,R003,F007,2,9.09,16,Rainy,1,0
1109,2023-01-05,20:09:00,C137,R001,F001,3,12.58,59,Cloudy,0,0
1110,2023-01-29,17:04:00,C146,R005,F013,2,5.24,50,Rainy,1,0
1111,2023-02-12,20:04:00,C110,R004,F011,2,11.85,20,Cloudy,1,0
1112,2023-02-16,19:45:00,C111,R003,F008,1,7.78,32,Sunny,0,0
1113,2023-03-01,20:11:00,C199,R004,F010,1,19.14,56,Sunny,0,0
1114,2023-01-31,19:08:00,C128,R003,F008,1,23.51,37,Sunny,0,0
1115,2023-02-15,14:20:00,C135,R002,F005,3,23.42,54,Cloudy,0,0
1116,2023-01-21,18:52:00,C173,R001,F001,1,17.07,49,Cloudy,1,0
1117,2023-01-25,19:10:00,C106,R002,F005,3,19.75,31,Cloudy,0,0
1118,2023-02-28,21:58:00,C153,R003,F007,3,8.31,38,Sunny,0,0
1119,2023-02-18,20:21:00,C127,R002,F005,1,15.3,31,Sunny,1,0
1120,2023-02-18,13:53:00,C162,R004,F010,1,10.99,46,Sunny,1,0
1121,2023-03-28,12:58:00,C161,R003,F008,1,17.5,43,Rainy,0,0
1122,2023-01-16,17:18:00,C100,R002,F005,3,14.07,16,Rainy,0,0
1123,2023-02-07,12:03:00,C107,R001,F001,3,23.92,46,Rainy,0,0
1124,2023-03-15,12:45:00,C196,R002,F006,3,8.12,21,Sunny,0,0
1125,2023-01-08,10:56:00,C187,R003,F009,3,15.11,22,Rainy,1,0
1126,2023-03-08,12:32:00,C107,R004,F011,3,9.86,28,Rainy,0,0
1127,2023-01-16,13:51:00,C153,R005,F013,2,10.86,32,Cloudy,0,0
1128,2023-03-15,16:32:00,C118,R005,F013,3,16.66,32,Rainy,0,0
1129,2023-01-01,14:19:00,C101,R003,F009,3,5.68,34,Sunny,1,1
1130,2023-02-06,15:29:00,C197,R001,F001,3,23.97,36,Sunny,0,0
1131,2023-03-15,17:58:00,C180,R001,F002,1,15.83,59,Sunny,0,0
1132,2023-03-14,15:21:00,C103,R003,F008,2,23.01,48,Cloudy,0,0
1133,2023-02-06,20:05:00,C184,R002,F005,1,10.48,31,Sunny,0,0
1134,2023-01-25,15:57:00,C186,R004,F010,2,7.8,41,Sunny,0,0
1135,2023-01-31,15:26:00,C111,R002,F004,1,14.89,24,Sunny,0,0
1136,2023-01-17,19:20:00,C161,R004,F011,2,5.94,57,Sunny,0,0
1137,2023-02-20,14:35:00,C125,R003,F007,1,21.74,25,Sunny,0,0
1138,2023-02-28,16:39:00,C153,R003,F008,3,18.27,36,Sunny,0,0
1139,2023-02-25,10:57:00,C119,R004,F012,3,21.83,31,Rainy,1,0
1140,2023-03-14,19:01:00,C172,R005,F013,1,13.26,57,Rainy,0,0
1141,2023-01-25,16:34:00,C143,R003,F009,2,5.11,26,Cloudy,0,0
1142,2023-02-13,20:58:00,C160,R001,F001,2,18.81,26,Rainy,0,0
1143,2023-03-21,17:18:00,C180,R005,F015,1,18.85,20,Sunny,0,0
1144,2023-03-23,18:11:00,C125,R003,F007,1,18.4,46,Rainy,0,0
1145,2023-01-16,16:16:00,C184,R002,F005,2,11.26,29,Sunny,0,0
1146,2023-01-07,18:50:00,C158,R002,F006,1,14.48,44,Cloudy,1,0
1147,2023-01-18,20:41:00,C113,R001,F003,3,16.21,59,Rainy,0,0
1148,2023-01-03,14:42:00,C154,R002,F006,3,11.31,18,Sunny,0,0
1149,2023-03-27,18:12:00,C132,R002,F004,2,22.53,16,Cloudy,0,0
1150,2023-02-11,11:29:00,C112,R003,F007,2,23.78,49,Cloudy,1,0
1151,2023-02-08,13:28:00,C192,R001,F002,1,14.6,30,Cloudy,0,0
1152,2023-01-10,18:38:00,C104,R004,F010,2,5.07,59,Rainy,0,0
1153,2023-01-30,11:03:00,C161,R002,F004,1,10.55,29,Sunny,0,0
1154,2023-01-15,10:56:00,C111,R004,F012,2,20.96,51,Cloudy,1,0
1155,2023-03-11,16:55:00,C161,R003,F007,2,8.34,18,Cloudy,1,0
1156,2023-03-13,13:28:00,C173,R005,F015,2,12.68,55,Sunny,0,0
1157,2023-01-03,17:05:00,C104,R005,F014,3,9.33,23,Cloudy,0,0
1158,2023-01-20,19:48:00,C134,R005,F014,2,18.92,38,Cloudy,0,0
1159,2023-02-01,12:37:00,C188,R005,F013,2,22.2,25,Sunny,0,0
1160,2023-02-25,12:58:00,C128,R004,F010,3,24.11,26,Rainy,1,0
1161,2023-01-09,17:24:00,C110,R005,F015,2,13.17,29,Rainy,0,0
1162,2023-03-13,20:04:00,C117,R002,F005,1,9.4,27,Sunny,0,0
1163,2023-03-18,10:49:00,C195,R005,F014,1,23.13,17,Rainy,1,0
1164,2023-02-09,20:12:00,C132,R005,F014,3,22.36,42,Sunny,0,0
1165,2023-02-28,20:47:00,C112,R001,F003,1,18.95,56,Cloudy,0,0
1166,2023-01-27,15:59:00,C144,R005,F014,1,5.58,37,Rainy,0,0
1167,2023-01-10,20:52:00,C199,R002,F005,2,20.13,26,Cloudy,0,0
1168,2023-03-07,20:48:00,C116,R001,F003,2,17.68,38,Sunny,0,0
1169,2023-02-04,15:18:00,C195,R002,F005,3,12.84,29,Rainy,1,0
1170,2023-02-06,15:03:00,C195,R004,F011,3,8.33,26,Rainy,0,0
1171,2023-01-17,19:53:00,C121,R001,F002,3,22.05,28,Cloudy,0,0
1172,2023-01-29,21:35:00,C198,R003,F007,3,6.31,47,Rainy,1,0
1173,2023-03-20,12:10:00,C186,R002,F005,2,10.47,43,Sunny,0,0
1174,2023-01-13,18:38:00,C128,R005,F015,2,20.46,34,Rainy,0,0
1175,2023-03-16,20:02:00,C155,R001,F001,1,23.19,51,Cloudy,0,0
1176,2023-03-25,15:18:00,C168,R001,F003,3,13.19,52,Cloudy,1,0
1177,2023-02-03,12:48:00,C123,R001,F002,3,14.43,41,Rainy,0,0
1178,2023-03-30,10:28:00,C107,R005,F015,3,21.9,21,Cloudy,0,0
1179,2023-03-05,21:52:00,C102,R004,F011,3,14.63,28,Cloudy,1,0
1180,2023-01-17,21:19:00,C108,R004,F011,1,8.22,36,Rainy,0,0
1181,2023-01-02,17:07:00,C163,R003,F007,1,5.23,32,Rainy,0,0
1182,2023-03-05,11:45:00,C144,R003,F007,1,24.05,55,Cloudy,1,0
1183,2023-03-27,12:23:00,C116,R001,F001,2,7.85,30,Rainy,0,0
1184,2023-03-27,21:19:00,C173,R001,F002,1,15.35,47,Sunny,0,0
1185,2023-03-18,10:12:00,C125,R004,F011,3,7.65,53,Rainy,1,0
1186,2023-02-15,19:49:00,C143,R002,F004,3,7.48,20,Sunny,0,0
1187,2023-01-06,18:38:00,C175,R001,F002,2,20.67,21,Cloudy,0,0
1188,2023-03-25,13:05:00,C121,R002,F005,3,17.87,55,Rainy,1,0
1189,2023-01-14,20:17:00,C186,R004,F010,1,22.44,33,Cloudy,1,0
1190,2023-02-14,17:28:00,C154,R005,F015,2,5.42,33,Rainy,0,0
1191,2023-02-06,17:40:00,C102,R003,F008,3,18.6,43,Rainy,0,0
1192,2023-03-04,10:06:00,C148,R004,F011,1,19.54,38,Sunny,1,0
1193,2023-01-04,21:43:00,C159,R004,F011,1,15.28,55,Rainy,0,0
1194,2023-03-07,11:35:00,C157,R002,F005,1,9.21,59,Rainy,0,0
1195,2023-02-09,14:14:00,C198,R001,F002,2,8.59,58,Rainy,0,0
1196,2023-03-19,11:54:00,C168,R005,F014,1,13.74,28,Cloudy,1,0
1197,2023-03-30,13:01:00,C188,R001,F001,2,22.16,19,Cloudy,0,0
1198,2023-03-06,17:11:00,C144,R004,F012,3,9.69,24,Cloudy,0,0
1199,2023-01-14,19:28:00,C175,R002,F005,1,13.62,34,Cloudy,1,0
1200,2023-03-17,10:56:00,C127,R004,F010,3,19.73,51,Sunny,0,0
1201,2023-02-18,10:55:00,C155,R004,F012,3,16.16,34,Rainy,1,0
1202,2023-03-19,11:08:00,C119,R005,F014,1,17.8,49,Rainy,1,0
1203,2023-02-28,14:32:00,C150,R001,F002,2,12.95,38,Cloudy,0,0
1204,2023-02-12,11:24:00,C128,R002,F004,3,14.09,57,Rainy,1,0
1205,2023-01-23,21:37:00,C122,R004,F011,1,7.87,56,Cloudy,0,0
1206,2023-01-08,11:20:00,C107,R001,F001,2,22.36,36,Cloudy,1,0
1207,2023-02-03,10:54:00,C142,R002,F005,2,14.94,31,Rainy,0,0
1208,2023-01-08,17:48:00,C190,R004,F010,2,23.37,15,Cloudy,1,0
1209,2023-01-31,14:47:00,C189,R005,F014,2,24.99,20,Cloudy,0,0
1210,2023-03-14,10:40:00,C147,R001,F001,1,6.81,45,Sunny,0,0
1211,2023-03-16,13:33:00,C103,R005,F014,3,21.16,32,Sunny,0,0
1212,2023-01-23,12:44:00,C100,R003,F008,2,17.98,35,Cloudy,0,0
1213,2023-03-06,21:57:00,C118,R005,F013,1,16.93,46,Sunny,0,0
1214,2023-02-04,21:37:00,C110,R002,F006,2,17.85,16,Rainy,1,0
1215,2023-01-09,12:20:00,C171,R002,F005,2,23.28,43,Rainy,0,0
1216,2023-01-25,21:04:00,C147,R002,F004,3,15.67,29,Cloudy,0,0
1217,2023-02-17,16:05:00,C142,R002,F004,1,8.92,30,Cloudy,0,0
1218,2023-01-15,18:35:00,C150,R003,F009,1,14.58,33,Rainy,1,0
1219,2023-03-19,13:47:00,C151,R005,F014,3,23.59,42,Cloudy,1,0
1220,2023-01-08,19:35:00,C101,R002,F004,1,13.27,39,Rainy,1,0
1221,2023-03-16,16:30:00,C173,R004,F012,1,8.69,56,Sunny,0,0
1222,2023-02-11,17:35:00,C167,R004,F011,3,21.31,58,Sunny,1,0
1223,2023-02-16,20:12:00,C185,R005,F013,2,9.24,24,Rainy,0,0
1224,2023-02-11,17:23:00,C125,R001,F003,1,11.04,38,Cloudy,1,0
1225,2023-03-01,16:09:00,C117,R001,F003,2,14.04,19,Cloudy,0,0
1226,2023-02-18,12:43:00,C132,R002,F006,1,6.91,51,Cloudy,1,0
1227,2023-02-04,21:06:00,C109,R003,F007,2,17.64,39,Rainy,1,0
1228,2023-03-05,12:06:00,C117,R005,F015,2,13.56,53,Sunny,1,0
1229,2023-03-16,16:23:00,C145,R004,F012,2,11.74,46,Cloudy,0,0
1230,2023-02-05,17:36:00,C135,R001,F003,1,11.47,20,Sunny,1,0
1231,2023-03-09,10:59:00,C159,R002,F004,3,17.8,22,Rainy,0,0
1232,2023-03-13,11:02:00,C157,R004,F012,2,18.39,37,Rainy,0,0
1233,2023-03-22,12:33:00,C107,R004,F011,2,24.15,27,Sunny,0,0
1234,2023-01-31,18:54:00,C161,R002,F005,1,21.44,26,Sunny,0,0
1235,2023-01-16,21:07:00,C102,R004,F011,1,7.4,54,Rainy,0,0
1236,2023-01-05,13:39:00,C164,R004,F010,2,15.42,20,Rainy,0,0
1237,2023-03-23,17:38:00,C115,R001,F002,2,6.26,50,Sunny,0,0
1238,2023-01-23,11:44:00,C184,R002,F005,3,9.78,15,Cloudy,0,0
1239,2023-03-08,13:22:00,C167,R002,F005,3,8.24,36,Cloudy,0,0
1240,2023-01-15,15:59:00,C111,R005,F015,1,7.33,32,Sunny,1,0
1241,2023-02-04,17:41:00,C179,R003,F009,2,6.62,35,Cloudy,1,0
1242,2023-03-07,20:01:00,C181,R003,F008,2,17.82,39,Rainy,0,0
1243,2023-01-25,15:32:00,C194,R004,F011,1,17.13,17,Cloudy,0,0
1244,2023-02-10,15:24:00,C197,R005,F013,2,15.12,29,Sunny,0,0
1245,2023-03-01,21:31:00,C112,R004,F012,2,22.52,43,Cloudy,0,0
1246,2023-01-06,20:01:00,C122,R004,F012,3,6.23,33,Rainy,0,0
1247,2023-01-10,18:01:00,C149,R003,F007,3,18.9,23,Cloudy,0,0
1248,2023-03-24,18:34:00,C172,R005,F014,2,7.02,30,Sunny,0,0
1249,2023-01-04,13:38:00,C151,R001,F001,2,13.52,51,Cloudy,0,0
1250,2023-03-03,12:06:00,C191,R003,F008,2,8.54,36,Sunny,0,0
1251,2023-02-24,11:26:00,C178,R005,F013,2,18.62,53,Sunny,0,0
1252,2023-03-06,14:25:00,C184,R002,F004,2,6.29,46,Sunny,0,0
1253,2023-03-01,20:20:00,C154,R004,F010,2,7.54,48,Rainy,0,0
1254,2023-02-21,15:41:00,C141,R005,F013,1,24.11,31,Sunny,0,0
1255,2023-02-10,10:01:00,C147,R004,F010,1,21.82,54,Sunny,0,0
1256,2023-01-28,20:54:00,C107,R002,F006,2,17.73,29,Sunny,1,0
1257,2023-03-01,16:23:00,C182,R005,F013,1,13.87,22,Sunny,0,0
1258,2023-03-13,18:22:00,C100,R003,F007,3,6.43,38,Sunny,0,0
1259,2023-01-05,13:20:00,C130,R002,F005,3,24.41,33,Cloudy,0,0
1260,2023-01-28,12:42:00,C104,R002,F004,2,21.61,22,Rainy,1,0
1261,2023-02-07,21:16:00,C172,R001,F002,3,9.11,50,Rainy,0,0
1262,2023-03-09,18:40:00,C161,R001,F003,2,11.44,50,Cloudy,0,0
1263,2023-01-02,15:12:00,C131,R005,F015,2,7.56,29,Sunny,0,0
1264,2023-02-09,11:54:00,C124,R001,F003,2,13.79,39,Rainy,0,0
1265,2023-01-22,13:29:00,C184,R004,F012,2,5.25,35,Cloudy,1,0
1266,2023-02-01,16:38:00,C111,R001,F001,3,10.04,27,Rainy,0,0
1267,2023-01-21,17:45:00,C195,R004,F012,2,20.06,39,Rainy,1,0
1268,2023-01-29,11:01:00,C184,R005,F015,3,24.3,29,Cloudy,1,0
1269,2023-01-23,17:43:00,C121,R005,F015,1,16.81,17,Cloudy,0,0
1270,2023-01-19,16:28:00,C124,R004,F010,3,8.22,30,Sunny,0,0
1271,2023-01-05,12:00:00,C198,R004,F011,2,9.08,24,Sunny,0,0
1272,2023-02-15,16:26:00,C165,R003,F007,1,15.77,50,Rainy,0,0
1273,2023-03-31,19:53:00,C180,R004,F011,2,19.99,34,Cloudy,0,0
1274,2023-01-16,12:30:00,C157,R003,F009,1,17.87,24,Rainy,0,0
1275,2023-01-26,14:37:00,C153,R005,F015,1,5.58,18,Sunny,0,0
1276,2023-02-14,13:16:00,C192,R004,F011,3,6.3,30,Rainy,0,0
1277,2023-02-24,13:03:00,C129,R002,F005,3,10.4,33,Sunny,0,0
1278,2023-03-04,12:21:00,C175,R005,F014,2,19.15,45,Cloudy,1,0
1279,2023-02-17,13:29:00,C154,R001,F001,2,12.43,42,Cloudy,0,0
1280,2023-02-16,20:56:00,C144,R004,F010,1,17.75,34,Cloudy,0,0
1281,2023-01-15,15:46:00,C174,R004,F012,1,24.01,19,Sunny,1,0
1282,2023-03-02,19:49:00,C176,R003,F009,1,16.72,59,Rainy,0,0
1283,2023-03-22,20:44:00,C118,R003,F008,3,13.59,19,Sunny,0,0
1284,2023-03-05,14:19:00,C120,R001,F002,1,19.12,40,Rainy,1,0
1285,2023-02-08,11:34:00,C123,R001,F001,2,6.15,58,Sunny,0,0
1286,2023-01-31,13:23:00,C135,R001,F001,2,10.65,56,Rainy,0,0
1287,2023-03-27,21:06:00,C154,R003,F008,2,10.44,45,Rainy,0,0
1288,2023-03-30,15:43:00,C144,R001,F003,2,23.13,35,Rainy,0,0
1289,2023-02-02,20:06:00,C131,R002,F006,3,22.64,35,Rainy,0,0
1290,2023-01-26,21:55:00,C136,R001,F002,1,10.13,17,Cloudy,0,0
1291,2023-03-31,14:23:00,C118,R001,F003,1,23.94,26,Sunny,0,0
1292,2023-03-02,18:32:00,C167,R002,F006,2,6.78,36,Cloudy,0,0
1293,2023-02-02,10:23:00,C160,R005,F014,2,15.85,53,Rainy,0,0
1294,2023-02-18,10:33:00,C164,R002,F005,1,7.82,36,Sunny,1,0
1295,2023-03-07,19:33:00,C138,R003,F008,3,15.25,24,Cloudy,0,0
1296,2023-03-05,12:48:00,C119,R005,F014,3,20.17,36,Cloudy,1,0
1297,2023-03-26,15:51:00,C113,R004,F012,1,14.02,42,Rainy,1,0
1298,2023-03-04,11:24:00,C171,R003,F007,2,14.96,20,Cloudy,1,0
1299,2023-02-21,16:24:00,C149,R003,F009,3,13.82,25,Rainy,0,0
1300,2023-01-08,17:59:00,C140,R004,F010,1,11.25,23,Cloudy,1,0
1301,2023-01-15,17:17:00,C159,R002,F005,2,11.34,17,Sunny,1,0
1302,2023-01-03,20:49:00,C139,R003,F008,1,16.96,22,Sunny,0,0
1303,2023-02-01,21:47:00,C103,R003,F008,2,24.36,33,Sunny,0,0
1304,2023-01-12,20:45:00,C162,R001,F001,3,7.45,44,Sunny,0,0
1305,2023-02-03,13:27:00,C194,R002,F006,3,7.6,19,Sunny,0,0
1306,2023-01-03,10:03:00,C119,R001,F002,2,6.59,19,Cloudy,0,0
1307,2023-03-02,21:28:00,C149,R001,F002,3,20.19,25,Rainy,0,0
1308,2023-02-16,21:43:00,C184,R001,F002,2,21.56,42,Rainy,0,0
1309,2023-03-31,14:27:00,C161,R002,F004,1,13.4,48,Sunny,0,0
1310,2023-02-20,11:57:00,C156,R003,F009,2,19.76,58,Cloudy,0,0
1311,2023-01-15,20:34:00,C183,R001,F001,2,11.5,54,Cloudy,1,0
1312,2023-02-08,15:08:00,C100,R004,F012,3,6.54,17,Rainy,0,0
1313,2023-01-25,15:14:00,C198,R005,F013,1,13.17,28,Sunny,0,0
1314,2023-02-08,18:34:00,C176,R004,F012,2,18.02,20,Cloudy,0,0
1315,2023-01-23,20:26:00,C145,R002,F005,2,22.29,22,Rainy,0,0
1316,2023-02-04,12:29:00,C183,R003,F007,1,13.43,28,Rainy,1,0
1317,2023-03-28,15:47:00,C182,R001,F002,3,21.52,33,Sunny,0,0
1318,2023-01-28,13:44:00,C118,R001,F003,2,9.37,50,Sunny,1,0
1319,2023-01-30,18:32:00,C188,R004,F011,3,6.48,55,Cloudy,0,0
1320,2023-03-19,18:03:00,C167,R003,F008,1,11.61,36,Sunny,1,0
1321,2023-02-24,10:47:00,C134,R004,F012,2,22.11,35,Sunny,0,0
1322,2023-02-17,13:36:00,C143,R003,F007,1,6.88,23,Cloudy,0,0
1323,2023-03-22,11:23:00,C107,R001,F001,3,13.61,26,Rainy,0,0
1324,2023-03-17,18:18:00,C151,R002,F004,2,17.14,52,Sunny,0,0
1325,2023-01-29,12:03:00,C127,R004,F011,1,24.42,58,Rainy,1,0
1326,2023-03-29,11:26:00,C100,R001,F003,2,6.42,39,Rainy,0,0
1327,2023-01-17,21:05:00,C126,R002,F006,2,24.43,43,Sunny,0,0
1328,2023-02-09,12:47:00,C183,R005,F013,1,15.74,22,Cloudy,0,0
1329,2023-01-20,21:32:00,C138,R002,F004,1,16.44,56,Cloudy,0,0
1330,2023-02-23,18:08:00,C148,R005,F013,1,7.28,53,Cloudy,0,0
1331,2023-02-10,16:12:00,C118,R003,F009,1,23.59,59,Sunny,0,0
1332,2023-02-09,21:18:00,C171,R004,F010,1,10.16,47,Sunny,0,0
1333,2023-03-31,16:27:00,C168,R002,F004,3,5.04,44,Sunny,0,0
1334,2023-02-16,16:48:00,C181,R004,F011,2,18.31,47,Cloudy,0,0
1335,2023-02-05,11:36:00,C127,R003,F007,1,13.08,29,Sunny,1,0
1336,2023-02-08,11:28:00,C173,R001,F002,3,16.87,24,Rainy,0,0
1337,2023-03-23,12:53:00,C138,R001,F003,2,7.41,16,Sunny,0,0
1338,2023-02-07,12:15:00,C180,R002,F004,2,15.65,57,Sunny,0,0
1339,2023-02-24,19:36:00,C161,R005,F013,3,11.86,37,Sunny,0,0
1340,2023-02-07,21:20:00,C117,R003,F009,1,10.51,52,Rainy,0,0
1341,2023-01-30,21:43:00,C131,R002,F006,3,22.15,29,Sunny,0,0
1342,2023-03-04,16:39:00,C147,R003,F008,3,17.02,50,Sunny,1,0
1343,2023-01-24,16:33:00,C136,R004,F012,1,22.8,15,Cloudy,0,0
1344,2023-01-20,12:28:00,C159,R002,F005,3,11.81,45,Cloudy,0,0
1345,2023-01-11,10:48:00,C107,R005,F014,2,14.08,18,Sunny,0,0
1346,2023-02-19,14:29:00,C166,R003,F009,1,12.68,41,Rainy,1,0
1347,2023-03-05,20:41:00,C149,R003,F008,3,7.94,44,Rainy,1,0
1348,2023-02-06,19:59:00,C134,R005,F015,2,17.06,23,Sunny,0,0
1349,2023-01-29,20:46:00,C116,R004,F010,2,15.83,51,Sunny,1,0
1350,2023-02-18,11:44:00,C186,R005,F015,3,11.05,46,Sunny,1,0
1351,2023-02-20,19:48:00,C145,R005,F015,1,24.33,53,Cloudy,0,0
1352,2023-01-01,21:23:00,C198,R005,F013,3,21.34,50,Cloudy,1,1
1353,2023-01-17,12:59:00,C185,R002,F004,2,14.23,53,Sunny,0,0
1354,2023-01-08,21:04:00,C135,R001,F002,3,7.65,41,Sunny,1,0
1355,2023-01-11,15:44:00,C120,R004,F011,3,15.99,19,Sunny,0,0
1356,2023-02-25,13:40:00,C111,R002,F005,1,23.98,40,Rainy,1,0
1357,2023-02-24,19:35:00,C132,R003,F008,3,12.73,25,Sunny,0,0
1358,2023-03-22,12:52:00,C181,R003,F009,3,20.29,18,Cloudy,0,0
1359,2023-02-04,18:07:00,C144,R004,F010,1,21.94,46,Cloudy,1,0
1360,2023-03-04,15:02:00,C168,R003,F007,3,17.53,45,Cloudy,1,0
1361,2023-03-21,11:31:00,C185,R005,F015,3,18.85,56,Rainy,0,0
1362,2023-01-21,21:01:00,C123,R001,F003,2,24.15,49,Cloudy,1,0
1363,2023-01-08,19:48:00,C164,R003,F007,1,19.81,51,Sunny,1,0
1364,2023-01-08,14:59:00,C100,R001,F003,2,7.09,37,Sunny,1,0
1365,2023-02-03,13:29:00,C198,R003,F009,2,21.16,59,Rainy,0,0
1366,2023-02-14,12:58:00,C139,R002,F004,3,21.84,30,Rainy,0,0
1367,2023-03-01,11:01:00,C112,R002,F006,3,9.65,53,Cloudy,0,0
1368,2023-01-08,16:13:00,C192,R003,F009,1,21.84,31,Sunny,1,0
1369,2023-01-30,14:12:00,C118,R005,F013,3,17.96,36,Cloudy,0,0
1370,2023-03-22,16:22:00,C109,R002,F005,2,9.84,42,Rainy,0,0
1371,2023-02-22,17:14:00,C176,R004,F012,3,19.41,26,Cloudy,0,0
1372,2023-01-31,11:17:00,C174,R002,F004,1,11.35,45,Sunny,0,0
1373,2023-01-26,11:31:00,C186,R001,F002,1,11.81,58,Sunny,0,0
1374,2023-03-05,21:10:00,C164,R001,F003,3,16.3,48,Rainy,1,0
1375,2023-01-15,12:12:00,C148,R003,F008,3,6.79,37,Rainy,1,0
1376,2023-01-29,10:59:00,C188,R003,F009,2,7.78,35,Sunny,1,0
1377,2023-01-13,14:32:00,C110,R004,F010,3,23.88,23,Sunny,0,0
1378,2023-03-25,12:18:00,C136,R004,F011,1,12.2,53,Sunny,1,0
1379,2023-02-16,11:13:00,C170,R003,F007,1,13.33,27,Cloudy,0,0
1380,2023-01-02,18:08:00,C153,R003,F008,1,20.92,37,Sunny,0,0
1381,2023-02-03,18:23:00,C117,R004,F012,2,17.9,35,Rainy,0,0
1382,2023-02-23,10:35:00,C198,R005,F013,1,21.47,24,Sunny,0,0
1383,2023-02-13,14:09:00,C136,R005,F014,2,5.39,50,Rainy,0,0
1384,2023-01-10,12:24:00,C116,R003,F008,1,14.28,50,Rainy,0,0
1385,2023-03-01,19:37:00,C183,R001,F003,3,9.4,42,Rainy,0,0
1386,2023-03-17,20:53:00,C141,R005,F015,3,21.14,48,Sunny,0,0
1387,2023-01-06,16:31:00,C124,R005,F013,3,15.36,26,Cloudy,0,0
1388,2023-03-18,16:35:00,C172,R003,F009,1,17.12,22,Sunny,1,0
1389,2023-03-27,20:03:00,C128,R003,F007,1,9.93,42,Sunny,0,0
1390,2023-03-20,21:22:00,C189,R004,F011,1,9.78,46,Rainy,0,0
1391,2023-03-16,21:21:00,C116,R001,F003,2,8.92,56,Sunny,0,0
1392,2023-01-26,18:09:00,C144,R003,F009,3,24.63,22,Cloudy,0,0
1393,2023-01-28,20:42:00,C148,R001,F003,2,10.81,45,Sunny,1,0
1394,2023-02-15,11:25:00,C104,R001,F001,3,5.89,47,Rainy,0,0
1395,2023-02-07,20:33:00,C120,R005,F014,1,17.42,36,Rainy,0,0
1396,2023-03-23,19:45:00,C194,R005,F014,3,8.31,43,Sunny,0,0
1397,2023-02-02,10:47:00,C176,R003,F008,3,12.84,58,Rainy,0,0
1398,2023-02-10,13:34:00,C147,R004,F012,2,15.45,26,Cloudy,0,0
1399,2023-03-30,11:18:00,C125,R002,F005,3,19.64,48,Sunny,0,0
1400,2023-02-12,14:15:00,C133,R002,F006,1,22.08,44,Cloudy,1,0
1401,2023-03-06,20:38:00,C158,R001,F002,2,22.1,58,Sunny,0,0
1402,2023-02-06,19:35:00,C191,R005,F014,3,17.69,38,Rainy,0,0
1403,2023-03-07,16:07:00,C121,R003,F007,3,5.58,17,Sunny,0,0
1404,2023-02-14,19:35:00,C153,R001,F003,3,24.1,15,Sunny,0,0
1405,2023-03-12,10:02:00,C119,R004,F010,2,23.37,53,Cloudy,1,0
1406,2023-03-31,10:17:00,C192,R005,F013,3,13.31,15,Rainy,0,0
1407,2023-01-01,19:25:00,C119,R005,F015,2,21.8,55,Sunny,1,1
1408,2023-01-05,19:00:00,C121,R001,F002,1,9.5,18,Sunny,0,0
1409,2023-01-11,17:50:00,C198,R005,F014,3,10.65,21,Cloudy,0,0
1410,2023-03-12,19:39:00,C120,R005,F014,3,14.53,29,Rainy,1,0
1411,2023-01-08,18:47:00,C145,R003,F008,1,12.29,29,Cloudy,1,0
1412,2023-02-06,10:02:00,C139,R003,F009,1,19.53,43,Rainy,0,0
1413,2023-01-04,12:33:00,C148,R001,F003,1,10.65,37,Sunny,0,0
1414,2023-03-10,14:40:00,C159,R001,F002,2,6.09,24,Cloudy,0,0
1415,2023-02-07,14:19:00,C150,R003,F008,3,8.82,26,Rainy,0,0
1416,2023-02-05,18:04:00,C186,R005,F014,2,22.92,51,Sunny,1,0
1417,2023-01-27,12:13:00,C146,R001,F002,3,9.41,36,Sunny,0,0
1418,2023-02-23,14:07:00,C115,R001,F003,3,15.89,24,Cloudy,0,0
1419,2023-02-03,18:16:00,C195,R003,F008,2,10.31,18,Cloudy,0,0
1420,2023-01-25,20:20:00,C164,R005,F015,1,8.44,31,Sunny,0,0
1421,2023-03-29,11:39:00,C169,R003,F007,3,18.89,53,Sunny,0,0
1422,2023-02-26,10:33:00,C140,R003,F007,1,11.91,20,Sunny,1,0
1423,2023-01-03,10:48:00,C146,R004,F010,3,15.99,31,Cloudy,0,0
1424,2023-03-31,13:31:00,C117,R004,F010,3,20.64,49,Rainy,0,0
1425,2023-02-27,10:13:00,C160,R002,F006,3,15.02,20,Sunny,0,0
1426,2023-02-18,17:18:00,C164,R005,F013,3,14.65,54,Sunny,1,0
1427,2023-03-05,12:18:00,C179,R004,F012,3,22.31,34,Cloudy,1,0
1428,2023-03-09,21:22:00,C121,R002,F006,1,20.93,21,Rainy,0,0
1429,2023-02-25,16:02:00,C115,R002,F006,3,17.56,30,Sunny,1,0
1430,2023-01-12,14:10:00,C126,R005,F013,2,11.68,42,Rainy,0,0
1431,2023-03-10,15:55:00,C132,R003,F008,2,13.66,33,Rainy,0,0
1432,2023-03-10,20:01:00,C132,R004,F010,2,19.67,37,Rainy,0,0
1433,2023-03-28,12:53:00,C119,R005,F013,2,23.83,55,Sunny,0,0
1434,2023-01-08,19:28:00,C116,R002,F005,2,15.96,42,Rainy,1,0
1435,2023-02-10,14:17:00,C183,R002,F004,1,11.93,26,Cloudy,0,0
1436,2023-01-03,19:33:00,C134,R001,F002,2,18.8,40,Cloudy,0,0
1437,2023-02-24,16:26:00,C119,R005,F015,1,6.84,58,Cloudy,0,0
1438,2023-03-25,12:46:00,C129,R002,F004,2,19.08,20,Cloudy,1,0
1439,2023-01-27,19:08:00,C195,R001,F002,1,15.52,16,Sunny,0,0
1440,2023-03-09,10:18:00,C188,R002,F005,1,23.89,36,Cloudy,0,0
1441,2023-02-17,14:58:00,C197,R004,F011,1,6.01,15,Sunny,0,0
1442,2023-02-14,13:06:00,C108,R001,F003,1,9.41,23,Sunny,0,0
1443,2023-02-15,19:31:00,C173,R001,F002,3,13.67,49,Cloudy,0,0
1444,2023-03-26,18:27:00,C192,R004,F012,1,13.77,33,Sunny,1,0
1445,2023-02-12,18:40:00,C149,R002,F004,3,8.99,37,Cloudy,1,0
1446,2023-02-21,10:56:00,C142,R005,F014,3,14.18,17,Rainy,0,0
1447,2023-02-27,10:10:00,C193,R002,F006,2,22.7,33,Cloudy,0,0
1448,2023-03-04,17:45:00,C173,R003,F008,1,10.07,41,Rainy,1,0
1449,2023-01-08,12:45:00,C180,R002,F004,1,16.69,39,Cloudy,1,0
1450,2023-03-01,21:32:00,C108,R005,F014,3,14.09,57,Cloudy,0,0
1451,2023-03-01,15:57:00,C136,R004,F012,2,21.49,36,Cloudy,0,0
1452,2023-02-27,18:12:00,C185,R004,F012,1,14.39,38,Cloudy,0,0
1453,2023-01-01,16:02:00,C100,R002,F005,2,7.24,43,Sunny,1,1
1454,2023-03-15,21:20:00,C170,R002,F006,1,21.53,33,Cloudy,0,0
1455,2023-03-09,14:00:00,C111,R004,F012,2,15.71,35,Sunny,0,0
1456,2023-03-04,19:51:00,C154,R001,F002,3,24.06,50,Rainy,1,0
1457,2023-02-18,19:57:00,C184,R001,F001,1,6.55,59,Cloudy,1,0
1458,2023-02-08,15:40:00,C141,R005,F015,1,11.9,30,Cloudy,0,0
1459,2023-01-30,18:21:00,C128,R001,F003,1,13.22,46,Rainy,0,0
1460,2023-01-23,10:54:00,C165,R005,F013,2,20.79,44,Rainy,0,0
1461,2023-02-02,10:42:00,C177,R002,F005,2,17.69,50,Rainy,0,0
1462,2023-03-14,19:27:00,C177,R003,F009,3,9.87,33,Rainy,0,0
1463,2023-01-15,21:23:00,C108,R003,F009,1,13.58,33,Cloudy,1,0
1464,2023-03-15,17:46:00,C164,R002,F004,2,11.55,27,Rainy,0,0
1465,2023-01-01,11:28:00,C147,R005,F013,1,7.34,43,Cloudy,1,1
1466,2023-03-29,19:16:00,C168,R005,F014,1,18.58,53,Sunny,0,0
1467,2023-03-06,10:16:00,C124,R003,F009,1,13.16,43,Sunny,0,0
1468,2023-02-01,19:59:00,C153,R001,F001,1,14.3,36,Sunny,0,0
1469,2023-02-20,15:40:00,C182,R005,F015,2,13.09,29,Cloudy,0,0
1470,2023-01-11,14:45:00,C117,R001,F003,2,6.34,36,Rainy,0,0
1471,2023-03-17,18:39:00,C178,R004,F010,1,6.48,16,Sunny,0,0
1472,2023-02-14,15:14:00,C163,R004,F010,3,5.86,17,Cloudy,0,0
1473,2023-01-03,15:13:00,C154,R003,F008,3,12.39,25,Rainy,0,0
1474,2023-01-30,20:01:00,C108,R001,F003,2,20.46,29,Sunny,0,0
1475,2023-02-05,17:08:00,C157,R002,F004,1,12.0,46,Rainy,1,0
1476,2023-03-22,12:36:00,C163,R003,F007,3,8.4,23,Cloudy,0,0
1477,2023-01-06,19:16:00,C120,R003,F008,2,16.58,36,Rainy,0,0
1478,2023-02-11,21:41:00,C112,R005,F015,2,12.72,54,Cloudy,1,0
1479,2023-02-26,17:44:00,C101,R003,F008,2,23.16,58,Cloudy,1,0
1480,2023-03-20,10:25:00,C149,R002,F006,2,14.02,46,Sunny,0,0
1481,2023-03-03,15:56:00,C137,R003,F009,2,9.5,44,Sunny,0,0
1482,2023-01-28,14:57:00,C126,R005,F015,2,6.26,29,Cloudy,1,0
1483,2023-01-04,16:54:00,C183,R004,F010,1,14.28,36,Rainy,0,0
1484,2023-01-21,12:14:00,C159,R005,F014,2,20.68,39,Rainy,1,0
1485,2023-02-28,17:39:00,C170,R005,F013,2,6.89,22,Cloudy,0,0
1486,2023-02-23,15:47:00,C119,R003,F009,1,19.96,46,Sunny,0,0
1487,2023-03-15,12:44:00,C134,R003,F009,3,11.08,27,Sunny,0,0
1488,2023-02-04,13:10:00,C120,R003,F009,2,16.32,49,Rainy,1,0
1489,2023-02-07,17:49:00,C195,R001,F003,3,15.23,49,Cloudy,0,0
1490,2023-03-21,14:20:00,C109,R005,F015,1,6.39,43,Cloudy,0,0
1491,2023-01-19,20:01:00,C160,R002,F006,1,9.58,33,Cloudy,0,0
1492,2023-01-24,20:45:00,C154,R002,F004,3,9.23,35,Rainy,0,0
1493,2023-01-04,15:48:00,C183,R002,F005,1,15.08,46,Cloudy,0,0
1494,2023-03-02,11:26:00,C186,R002,F006,1,17.63,37,Sunny,0,0
1495,2023-02-28,18:40:00,C121,R002,F006,1,17.72,18,Sunny,0,0
1496,2023-01-15,17:11:00,C146,R002,F004,1,23.97,34,Rainy,1,0
1497,2023-02-02,16:58:00,C178,R003,F008,2,23.2,42,Rainy,0,0
1498,2023-01-13,11:36:00,C165,R001,F002,2,19.81,58,Cloudy,0,0
1499,2023-01-22,13:07:00,C139,R005,F014,2,23.31,34,Cloudy,1,0
1500,2023-01-16,20:06:00,C158,R005,F015,3,19.75,38,Cloudy,0,0
1501,2023-03-14,12:50:00,C136,R004,F011,1,17.45,22,Cloudy,0,0
1502,2023-01-20,21:38:00,C111,R005,F013,1,22.05,44,Sunny,0,0
1503,2023-01-19,20:33:00,C170,R002,F005,2,14.5,52,Rainy,0,0
1504,2023-02-01,13:14:00,C183,R005,F015,1,20.19,54,Cloudy,0,0
1505,2023-01-11,17:28:00,C109,R004,F012,1,12.07,27,Sunny,0,0
1506,2023-01-26,15:03:00,C163,R002,F005,3,24.73,37,Rainy,0,0
1507,2023-01-02,16:10:00,C145,R004,F011,1,14.57,24,Rainy,0,0
1508,2023-01-24,12:43:00,C161,R004,F012,1,13.83,45,Cloudy,0,0
1509,2023-02-26,16:41:00,C155,R005,F014,1,8.81,39,Rainy,1,0
1510,2023-03-17,17:16:00,C114,R002,F006,3,7.53,27,Sunny,0,0
1511,2023-02-01,18:39:00,C189,R004,F012,1,14.79,30,Sunny,0,0
1512,2023-03-04,21:43:00,C159,R003,F009,1,22.2,32,Cloudy,1,0
1513,2023-02-08,13:58:00,C195,R001,F002,1,22.8,51,Rainy,0,0
1514,2023-03-24,18:59:00,C113,R002,F006,2,9.6,53,Sunny,0,0
1515,2023-03-18,20:37:00,C152,R004,F011,3,9.37,59,Rainy,1,0
1516,2023-03-21,15:31:00,C137,R005,F015,2,7.86,28,Cloudy,0,0
1517,2023-01-10,12:58:00,C148,R004,F012,3,16.46,19,Rainy,0,0
1518,2023-02-21,18:40:00,C183,R005,F015,3,10.26,27,Sunny,0,0
1519,2023-02-11,11:48:00,C176,R004,F010,2,10.31,15,Cloudy,1,0
1520,2023-03-18,10:23:00,C171,R002,F005,3,5.8,22,Cloudy,1,0
1521,2023-03-31,20:12:00,C127,R005,F013,1,8.09,16,Rainy,0,0
1522,2023-03-23,10:29:00,C195,R005,F014,1,19.16,32,Sunny,0,0
1523,2023-02-12,14:29:00,C154,R005,F013,3,17.3,23,Rainy,1,0
1524,2023-02-22,16:51:00,C156,R001,F001,2,24.93,58,Cloudy,0,0
1525,2023-03-16,11:15:00,C131,R001,F003,1,20.47,22,Cloudy,0,0
1526,2023-03-03,21:00:00,C141,R003,F008,3,20.02,57,Cloudy,0,0
1527,2023-01-17,10:31:00,C192,R002,F004,1,21.7,20,Rainy,0,0
1528,2023-02-19,15:36:00,C163,R005,F015,2,6.75,49,Cloudy,1,0
1529,2023-01-11,17:48:00,C165,R005,F015,3,17.74,31,Rainy,0,0
1530,2023-01-19,17:37:00,C165,R004,F011,3,16.99,18,Rainy,0,0
1531,2023-03-31,10:42:00,C157,R004,F010,2,19.32,55,Cloudy,0,0
1532,2023-03-01,12:57:00,C198,R004,F011,3,21.99,56,Rainy,0,0
1533,2023-02-17,17:32:00,C171,R004,F011,2,6.24,23,Cloudy,0,0
1534,2023-01-16,17:11:00,C124,R005,F015,2,8.79,38,Rainy,0,0
1535,2023-03-14,19:19:00,C182,R002,F006,1,7.3,41,Sunny,0,0
1536,2023-01-15,12:11:00,C152,R001,F002,3,13.05,45,Rainy,1,0
1537,2023-03-25,21:22:00,C186,R004,F012,1,13.8,16,Rainy,1,0
1538,2023-01-03,19:20:00,C183,R001,F001,2,8.47,47,Rainy,0,0
1539,2023-01-15,19:57:00,C178,R004,F011,1,8.29,19,Rainy,1,0
1540,2023-02-16,16:03:00,C117,R003,F007,3,16.33,37,Cloudy,0,0
1541,2023-02-09,11:09:00,C151,R001,F001,3,10.08,19,Rainy,0,0
1542,2023-02-22,16:36:00,C192,R003,F007,1,22.91,16,Sunny,0,0
1543,2023-03-01,12:29:00,C191,R003,F009,2,20.79,22,Cloudy,0,0
1544,2023-03-05,15:27:00,C193,R002,F004,3,24.39,35,Cloudy,1,0
1545,2023-02-03,16:30:00,C188,R004,F010,3,9.37,51,Cloudy,0,0
1546,2023-01-01,10:56:00,C153,R002,F005,1,19.9,36,Rainy,1,1
1547,2023-03-21,17:46:00,C116,R001,F002,2,8.12,52,Sunny,0,0
1548,2023-03-19,15:34:00,C114,R005,F014,1,12.69,45,Sunny,1,0
1549,2023-02-04,21:05:00,C185,R005,F014,1,13.42,48,Rainy,1,0
1550,2023-02-16,14:25:00,C105,R004,F011,3,18.13,32,Sunny,0,0
1551,2023-01-14,16:43:00,C162,R003,F009,3,18.24,31,Cloudy,1,0
1552,2023-01-19,13:35:00,C131,R003,F008,1,13.76,21,Cloudy,0,0
1553,2023-02-19,10:34:00,C112,R004,F011,2,15.76,51,Cloudy,1,0
1554,2023-03-09,17:58:00,C115,R004,F011,1,9.4,46,Sunny,0,0
1555,2023-03-07,12:53:00,C130,R003,F007,3,9.41,22,Cloudy,0,0
1556,2023-02-26,12:29:00,C117,R002,F005,1,20.62,53,Rainy,1,0
1557,2023-02-12,16:04:00,C103,R002,F004,3,15.01,56,Rainy,1,0
1558,2023-01-15,17:57:00,C173,R001,F002,3,16.19,56,Cloudy,1,0
1559,2023-02-12,10:31:00,C162,R004,F010,1,9.22,46,Rainy,1,0
1560,2023-03-11,12:21:00,C183,R001,F002,3,10.32,56,Cloudy,1,0
1561,2023-01-09,21:11:00,C117,R001,F001,3,23.77,37,Rainy,0,0
1562,2023-03-24,14:46:00,C186,R004,F011,1,8.2,59,Cloudy,0,0
1563,2023-01-25,19:13:00,C157,R002,F005,3,21.1,39,Rainy,0,0
1564,2023-02-17,11:09:00,C174,R003,F009,1,21.7,59,Cloudy,0,0
1565,2023-03-22,11:11:00,C141,R001,F002,2,9.27,30,Sunny,0,0
1566,2023-01-18,12:52:00,C189,R003,F008,1,20.75,56,Sunny,0,0
1567,2023-01-04,16:53:00,C189,R002,F006,3,19.19,22,Cloudy,0,0
1568,2023-03-04,16:45:00,C111,R004,F010,2,8.27,31,Sunny,1,0
1569,2023-01-08,14:25:00,C127,R004,F011,1,17.53,51,Rainy,1,0
1570,2023-01-23,19:06:00,C151,R005,F013,1,19.55,29,Cloudy,0,0
1571,2023-02-15,13:18:00,C120,R005,F013,3,23.22,43,Sunny,0,0
1572,2023-03-11,13:01:00,C168,R002,F005,2,12.84,37,Rainy,1,0
1573,2023-01-13,20:53:00,C199,R005,F014,3,10.95,53,Cloudy,0,0
1574,2023-01-19,15:05:00,C178,R004,F010,1,15.91,32,Sunny,0,0
1575,2023-01-20,16:10:00,C121,R005,F014,1,24.8,27,Rainy,0,0
1576,2023-01-09,19:30:00,C118,R004,F011,2,12.04,49,Sunny,0,0
1577,2023-03-26,12:30:00,C131,R005,F014,3,13.22,16,Rainy,1,0
1578,2023-03-01,17:16:00,C130,R005,F015,1,7.58,35,Cloudy,0,0
1579,2023-01-26,11:11:00,C196,R001,F003,1,18.04,56,Cloudy,0,0
1580,2023-01-02,19:23:00,C118,R004,F011,3,24.58,57,Cloudy,0,0
1581,2023-03-08,21:02:00,C126,R002,F004,2,17.06,30,Rainy,0,0
1582,2023-03-01,15:29:00,C137,R004,F010,1,14.28,56,Sunny,0,0
1583,2023-03-18,17:40:00,C146,R002,F004,2,7.62,36,Sunny,1,0
1584,2023-03-25,11:42:00,C140,R003,F008,2,16.88,26,Sunny,1,0
1585,2023-03-17,19:08:00,C195,R002,F004,2,21.84,53,Rainy,0,0
1586,2023-03-06,12:59:00,C123,R004,F011,3,17.67,28,Rainy,0,0
1587,2023-01-29,21:36:00,C183,R004,F010,3,15.01,24,Rainy,1,0
1588,2023-03-19,14:17:00,C157,R002,F005,2,19.29,50,Rainy,1,0
1589,2023-03-19,13:55:00,C195,R001,F001,1,18.59,32,Rainy,1,0
1590,2023-03-08,16:31:00,C115,R005,F015,1,18.24,54,Cloudy,0,0
1591,2023-03-19,16:30:00,C115,R004,F010,1,21.75,21,Rainy,1,0
1592,2023-02-01,21:16:00,C153,R001,F003,2,11.37,41,Cloudy,0,0
1593,2023-03-19,20:32:00,C130,R005,F015,1,16.09,37,Sunny,1,0
1594,2023-03-25,12:04:00,C128,R001,F002,3,15.98,36,Rainy,1,0
1595,2023-02-14,14:59:00,C188,R003,F009,1,11.3,37,Cloudy,0,0
1596,2023-02-08,15:23:00,C128,R003,F008,2,6.32,34,Rainy,0,0
1597,2023-03-08,10:57:00,C100,R005,F013,2,18.45,20,Sunny,0,0
1598,2023-02-20,10:02:00,C134,R004,F010,3,7.39,34,Sunny,0,0
1599,2023-01-20,18:38:00,C118,R004,F011,3,17.38,27,Sunny,0,0
1600,2023-03-01,18:21:00,C151,R004,F012,1,20.93,57,Cloudy,0,0
1601,2023-03-13,13:07:00,C189,R002,F006,2,10.96,27,Sunny,0,0
1602,2023-01-20,17:18:00,C111,R003,F009,3,6.33,25,Rainy,0,0
1603,2023-02-11,20:10:00,C142,R002,F006,2,10.05,52,Sunny,1,0
1604,2023-02-11,21:00:00,C171,R003,F009,2,22.87,21,Cloudy,1,0
1605,2023-03-02,13:24:00,C125,R004,F011,2,11.75,51,Rainy,0,0
1606,2023-02-22,17:15:00,C112,R001,F001,1,19.04,18,Cloudy,0,0
1607,2023-02-18,16:45:00,C110,R002,F005,1,10.02,37,Rainy,1,0
1608,2023-01-28,20:46:00,C125,R001,F001,2,14.33,47,Rainy,1,0
1609,2023-03-19,12:29:00,C116,R004,F012,2,12.09,43,Sunny,1,0
1610,2023-03-20,17:24:00,C146,R003,F007,2,17.96,52,Cloudy,0,0
1611,2023-03-30,19:06:00,C181,R001,F001,1,8.61,21,Sunny,0,0
1612,2023-02-19,15:26:00,C132,R004,F010,1,18.51,18,Sunny,1,0
1613,2023-01-04,20:53:00,C103,R002,F004,3,16.9,23,Sunny,0,0
1614,2023-02-04,17:23:00,C135,R003,F008,3,18.57,46,Rainy,1,0
1615,2023-01-18,21:59:00,C115,R005,F015,3,22.4,45,Sunny,0,0
1616,2023-01-17,16:47:00,C147,R002,F006,1,21.57,44,Rainy,0,0
1617,2023-03-16,11:43:00,C193,R004,F011,2,10.54,21,Sunny,0,0
1618,2023-01-01,19:25:00,C105,R002,F005,2,14.39,32,Cloudy,1,1
1619,2023-01-30,18:41:00,C173,R001,F001,2,17.36,53,Sunny,0,0
1620,2023-01-21,21:54:00,C132,R005,F015,2,12.03,16,Cloudy,1,0
1621,2023-02-13,15:17:00,C106,R003,F009,2,12.66,51,Rainy,0,0
1622,2023-02-02,21:58:00,C110,R002,F006,2,10.29,48,Sunny,0,0
1623,2023-03-29,15:01:00,C105,R004,F011,1,13.91,35,Cloudy,0,0
1624,2023-01-16,16:27:00,C150,R004,F012,1,16.43,59,Rainy,0,0
1625,2023-02-01,14:22:00,C141,R005,F013,3,9.54,53,Rainy,0,0
1626,2023-01-15,16:28:00,C102,R003,F009,2,9.05,29,Cloudy,1,0
1627,2023-01-06,21:46:00,C192,R005,F015,3,12.66,34,Cloudy,0,0
1628,2023-01-04,12:20:00,C144,R003,F009,1,24.89,23,Rainy,0,0
1629,2023-03-18,14:56:00,C140,R002,F005,1,17.91,15,Rainy,1,0
1630,2023-03-21,17:55:00,C188,R001,F002,1,7.54,40,Rainy,0,0
1631,2023-03-19,18:35:00,C122,R001,F003,2,18.69,57,Sunny,1,0
1632,2023-01-18,20:13:00,C117,R004,F012,3,18.41,41,Cloudy,0,0
1633,2023-01-09,17:31:00,C191,R004,F010,2,24.77,17,Rainy,0,0
1634,2023-01-08,15:15:00,C112,R005,F013,1,6.02,32,Cloudy,1,0
1635,2023-03-23,11:09:00,C146,R005,F015,3,13.74,25,Cloudy,0,0
1636,2023-02-04,16:52:00,C113,R002,F005,1,9.49,55,Sunny,1,0
1637,2023-02-20,20:54:00,C181,R003,F009,3,12.44,42,Cloudy,0,0
1638,2023-02-21,10:36:00,C198,R002,F005,3,13.32,30,Rainy,0,0
1639,2023-03-18,16:59:00,C134,R004,F010,2,5.22,36,Sunny,1,0
1640,2023-01-26,17:20:00,C164,R001,F002,3,11.06,37,Cloudy,0,0
1641,2023-01-23,20:17:00,C120,R001,F001,3,16.07,59,Rainy,0,0
1642,2023-03-29,12:46:00,C141,R003,F009,2,5.87,41,Rainy,0,0
1643,2023-01-09,14:44:00,C130,R001,F001,2,15.26,59,Sunny,0,0
1644,2023-02-18,16:19:00,C191,R005,F013,1,8.66,55,Rainy,1,0
1645,2023-03-16,18:37:00,C174,R005,F014,2,23.83,49,Sunny,0,0
1646,2023-01-24,12:17:00,C187,R001,F001,3,22.93,50,Sunny,0,0
1647,2023-02-14,10:59:00,C197,R003,F007,2,17.54,37,Cloudy,0,0
1648,2023-01-25,15:50:00,C100,R001,F002,3,8.29,30,Cloudy,0,0
1649,2023-01-18,11:24:00,C144,R005,F014,1,13.53,46,Sunny,0,0
1650,2023-02-17,20:38:00,C109,R002,F005,1,9.28,38,Sunny,0,0
1651,2023-03-14,13:39:00,C108,R001,F002,1,5.4,49,Sunny,0,0
1652,2023-02-21,14:54:00,C119,R005,F015,2,22.72,43,Sunny,0,0
1653,2023-01-04,19:44:00,C160,R002,F006,1,22.6,23,Rainy,0,0
1654,2023-01-11,12:36:00,C141,R005,F013,1,18.5,24,Sunny,0,0
1655,2023-02-21,16:01:00,C122,R004,F012,3,6.67,43,Rainy,0,0
1656,2023-03-31,12:04:00,C130,R001,F002,3,7.61,16,Sunny,0,0
1657,2023-01-13,19:38:00,C169,R004,F012,2,7.94,25,Rainy,0,0
1658,2023-03-25,14:18:00,C159,R003,F009,2,8.97,30,Sunny,1,0
1659,2023-03-09,18:43:00,C154,R003,F008,1,18.15,50,Cloudy,0,0
1660,2023-01-30,12:48:00,C115,R001,F003,2,7.18,22,Rainy,0,0
1661,2023-03-21,13:18:00,C116,R002,F006,1,22.17,41,Rainy,0,0
1662,2023-02-03,13:24:00,C186,R002,F005,1,11.56,31,Rainy,0,0
1663,2023-01-24,20:25:00,C197,R003,F009,3,22.23,28,Cloudy,0,0
1664,2023-03-31,14:53:00,C171,R003,F009,2,22.17,23,Sunny,0,0
1665,2023-01-01,17:55:00,C134,R004,F012,3,8.38,54,Cloudy,1,1
1666,2023-01-27,10:26:00,C186,R004,F010,3,21.73,47,Rainy,0,0
1667,2023-03-04,13:36:00,C158,R001,F003,1,14.22,19,Cloudy,1,0
1668,2023-02-16,12:51:00,C160,R005,F015,3,22.59,38,Cloudy,0,0
1669,2023-03-23,11:53:00,C178,R002,F006,2,12.0,50,Cloudy,0,0
1670,2023-01-08,12:46:00,C197,R005,F013,2,23.23,27,Sunny,1,0
1671,2023-02-03,21:13:00,C192,R001,F002,2,13.81,43,Cloudy,0,0
1672,2023-01-31,18:37:00,C153,R003,F008,1,14.03,39,Rainy,0,0
1673,2023-03-25,14:52:00,C115,R003,F008,2,18.47,57,Sunny,1,0
1674,2023-03-21,19:54:00,C103,R002,F004,3,11.42,20,Sunny,0,0
1675,2023-03-30,14:04:00,C163,R004,F012,1,16.42,23,Sunny,0,0
1676,2023-02-11,18:01:00,C199,R001,F002,2,19.85,43,Rainy,1,0
1677,2023-01-18,16:00:00,C100,R001,F001,2,6.46,46,Sunny,0,0
1678,2023-01-28,19:40:00,C159,R004,F011,2,9.65,37,Rainy,1,0
1679,2023-03-29,17:48:00,C155,R005,F014,2,11.82,51,Cloudy,0,0
1680,2023-02-08,19:16:00,C122,R002,F005,3,5.63,48,Rainy,0,0
1681,2023-03-09,12:06:00,C106,R002,F005,2,20.65,18,Rainy,0,0
1682,2023-02-18,13:49:00,C128,R003,F007,2,11.91,26,Rainy,1,0
1683,2023-02-20,17:50:00,C187,R004,F012,2,24.84,38,Cloudy,0,0
1684,2023-03-12,12:21:00,C154,R001,F003,2,12.54,36,Cloudy,1,0
1685,2023-03-25,12:40:00,C197,R002,F004,3,11.79,32,Cloudy,1,0
1686,2023-01-17,15:13:00,C178,R001,F002,2,19.36,33,Sunny,0,0
1687,2023-02-13,11:34:00,C100,R002,F004,1,7.37,15,Cloudy,0,0
1688,2023-01-01,20:20:00,C115,R005,F015,1,14.66,40,Sunny,1,1
1689,2023-03-15,20:16:00,C158,R001,F003,3,8.98,21,Cloudy,0,0
1690,2023-02-03,13:13:00,C101,R003,F008,2,11.21,51,Rainy,0,0
1691,2023-01-22,18:19:00,C153,R001,F003,1,13.03,33,Rainy,1,0
1692,2023-01-06,10:22:00,C176,R002,F006,3,24.07,40,Sunny,0,0
1693,2023-03-20,13:44:00,C156,R003,F007,1,15.07,47,Cloudy,0,0
1694,2023-02-07,16:15:00,C125,R005,F015,3,17.57,43,Rainy,0,0
1695,2023-02-10,18:22:00,C157,R003,F009,2,23.48,55,Sunny,0,0
1696,2023-03-02,13:31:00,C170,R002,F005,2,18.78,35,Rainy,0,0
1697,2023-03-01,10:32:00,C162,R002,F006,2,16.29,26,Sunny,0,0
1698,2023-02-01,20:27:00,C163,R001,F002,3,21.02,16,Cloudy,0,0
1699,2023-02-05,11:06:00,C114,R005,F013,3,13.25,40,Sunny,1,0
1700,2023-03-16,19:24:00,C147,R005,F015,1,12.74,59,Rainy,0,0
1701,2023-01-17,17:36:00,C101,R001,F001,2,21.25,18,Sunny,0,0
1702,2023-01-17,14:49:00,C174,R002,F004,1,13.88,43,Rainy,0,0
1703,2023-01-17,11:41:00,C144,R004,F011,1,12.44,43,Cloudy,0,0
1704,2023-01-04,11:58:00,C146,R004,F012,1,11.28,41,Cloudy,0,0
1705,2023-01-19,19:51:00,C188,R002,F005,2,10.24,32,Sunny,0,0
1706,2023-01-03,11:32:00,C118,R002,F004,1,13.62,17,Cloudy,0,0
1707,2023-02-18,16:25:00,C171,R003,F007,2,17.46,50,Sunny,1,0
1708,2023-02-23,10:48:00,C109,R001,F002,2,16.67,53,Rainy,0,0
1709,2023-01-16,13:15:00,C177,R001,F003,2,9.08,21,Sunny,0,0
1710,2023-01-26,18:44:00,C162,R004,F012,1,12.92,16,Rainy,0,0
1711,2023-01-30,10:11:00,C143,R002,F004,1,17.37,48,Rainy,0,0
1712,2023-01-21,21:47:00,C139,R004,F011,2,24.55,29,Sunny,1,0
1713,2023-01-23,10:47:00,C101,R004,F012,2,17.01,26,Rainy,0,0
1714,2023-03-19,12:33:00,C105,R004,F010,2,7.16,44,Sunny,1,0
1715,2023-02-20,17:06:00,C105,R003,F009,1,6.76,21,Cloudy,0,0
1716,2023-03-10,20:14:00,C168,R003,F009,1,15.71,29,Cloudy,0,0
1717,2023-03-11,10:25:00,C171,R005,F013,1,16.19,22,Rainy,1,0
1718,2023-03-29,12:54:00,C111,R002,F005,3,10.18,55,Rainy,0,0
1719,2023-01-17,10:02:00,C100,R003,F009,2,8.33,56,Sunny,0,0
1720,2023-03-27,18:03:00,C168,R002,F006,2,7.43,24,Rainy,0,0
1721,2023-01-06,17:50:00,C162,R003,F007,3,9.98,16,Rainy,0,0
1722,2023-01-11,21:52:00,C109,R004,F010,1,12.71,28,Rainy,0,0
1723,2023-03-26,15:20:00,C149,R004,F011,3,22.87,37,Cloudy,1,0
1724,2023-01-09,10:25:00,C143,R005,F014,2,23.41,20,Sunny,0,0
1725,2023-02-20,11:37:00,C109,R003,F007,2,17.28,53,Sunny,0,0
1726,2023-02-28,11:55:00,C156,R004,F011,3,10.11,56,Rainy,0,0
1727,2023-01-26,18:10:00,C156,R002,F005,3,7.36,21,Sunny,0,0
1728,2023-03-26,11:17:00,C197,R001,F003,3,16.55,32,Rainy,1,0
1729,2023-03-29,17:29:00,C152,R004,F011,3,20.33,25,Rainy,0,0
1730,2023-02-27,19:35:00,C146,R001,F001,1,10.7,33,Rainy,0,0
1731,2023-01-19,19:22:00,C153,R003,F007,2,6.12,22,Rainy,0,0
1732,2023-02-26,14:25:00,C182,R005,F013,3,22.04,26,Rainy,1,0
1733,2023-03-16,21:27:00,C176,R002,F004,2,18.9,51,Cloudy,0,0
1734,2023-01-26,19:23:00,C115,R004,F012,2,20.33,46,Cloudy,0,0
1735,2023-01-13,14:10:00,C151,R002,F004,1,7.63,29,Rainy,0,0
1736,2023-01-07,17:27:00,C114,R003,F007,2,14.48,25,Rainy,1,0
1737,2023-03-02,14:22:00,C184,R005,F013,1,13.86,53,Sunny,0,0
1738,2023-01-23,20:15:00,C167,R005,F015,1,11.36,58,Rainy,0,0
1739,2023-01-09,21:04:00,C153,R004,F012,1,24.54,48,Sunny,0,0
1740,2023-02-27,20:41:00,C152,R004,F010,3,19.02,22,Sunny,0,0
1741,2023-02-20,19:42:00,C114,R001,F002,3,6.28,33,Rainy,0,0
1742,2023-02-20,19:11:00,C194,R004,F011,1,13.1,48,Sunny,0,0
1743,2023-03-08,18:52:00,C142,R002,F006,2,9.38,48,Sunny,0,0
1744,2023-03-19,13:28:00,C144,R001,F002,3,10.83,30,Sunny,1,0
1745,2023-01-01,16:31:00,C116,R002,F006,3,22.31,56,Rainy,1,1
1746,2023-02-08,19:48:00,C148,R004,F012,1,16.71,37,Rainy,0,0
1747,2023-02-18,17:39:00,C142,R003,F008,3,23.2,40,Sunny,1,0
1748,2023-03-18,20:03:00,C129,R004,F012,2,18.78,26,Cloudy,1,0
1749,2023-03-26,17:03:00,C130,R004,F011,3,8.17,34,Cloudy,1,0
1750,2023-01-23,21:15:00,C120,R005,F015,1,14.39,27,Cloudy,0,0
1751,2023-01-30,11:13:00,C199,R004,F012,1,9.03,58,Sunny,0,0
1752,2023-03-09,20:33:00,C168,R002,F006,2,14.13,55,Sunny,0,0
1753,2023-03-10,19:09:00,C190,R002,F006,1,6.93,42,Sunny,0,0
1754,2023-03-19,14:29:00,C148,R005,F013,1,20.49,45,Sunny,1,0
1755,2023-02-09,15:42:00,C199,R003,F008,1,7.24,47,Rainy,0,0
1756,2023-02-12,10:35:00,C109,R002,F006,2,23.18,21,Rainy,1,0
1757,2023-01-21,21:15:00,C119,R004,F011,2,22.81,19,Sunny,1,0
1758,2023-01-18,15:56:00,C118,R005,F013,1,16.75,56,Sunny,0,0
1759,2023-02-09,12:24:00,C154,R005,F013,2,11.06,37,Rainy,0,0
1760,2023-03-18,10:22:00,C180,R001,F001,2,23.75,21,Rainy,1,0
1761,2023-03-04,19:41:00,C119,R003,F007,1,5.48,16,Cloudy,1,0
1762,2023-03-03,13:18:00,C168,R001,F003,2,10.75,21,Sunny,0,0
1763,2023-02-08,13:39:00,C103,R005,F014,1,22.07,26,Sunny,0,0
1764,2023-03-14,13:50:00,C117,R005,F014,1,18.36,32,Sunny,0,0
1765,2023-01-30,17:10:00,C122,R003,F007,1,11.94,23,Cloudy,0,0
1766,2023-01-28,17:59:00,C134,R005,F014,3,11.84,26,Sunny,1,0
1767,2023-03-26,10:44:00,C109,R001,F003,3,5.18,53,Rainy,1,0
1768,2023-01-18,20:27:00,C138,R002,F004,1,9.88,22,Rainy,0,0
1769,2023-02-03,16:35:00,C137,R002,F006,3,16.62,23,Rainy,0,0
1770,2023-03-13,12:34:00,C104,R002,F005,2,22.91,34,Sunny,0,0
1771,2023-01-28,21:01:00,C177,R003,F008,3,10.47,34,Sunny,1,0
1772,2023-02-07,16:03:00,C100,R001,F003,1,5.96,56,Sunny,0,0
1773,2023-02-19,19:37:00,C111,R004,F012,2,20.59,29,Rainy,1,0
1774,2023-01-17,13:06:00,C194,R001,F003,3,6.77,48,Rainy,0,0
1775,2023-02-14,19:50:00,C143,R002,F006,2,21.3,51,Rainy,0,0
1776,2023-02-01,12:02:00,C150,R002,F006,1,8.98,31,Cloudy,0,0
1777,2023-01-13,17:01:00,C109,R004,F012,1,10.42,33,Sunny,0,0
1778,2023-03-15,18:26:00,C182,R005,F013,2,24.53,49,Cloudy,0,0
1779,2023-03-09,18:36:00,C194,R003,F007,1,22.17,28,Sunny,0,0
1780,2023-01-27,15:16:00,C198,R004,F010,1,24.86,27,Rainy,0,0
1781,2023-02-21,21:42:00,C189,R003,F008,3,7.74,17,Cloudy,0,0
1782,2023-03-01,19:11:00,C183,R005,F015,3,6.05,59,Sunny,0,0
1783,2023-03-15,10:56:00,C134,R005,F015,1,15.37,21,Sunny,0,0
1784,2023-02-25,19:41:00,C133,R004,F012,3,9.66,21,Sunny,1,0
1785,2023-03-07,15:40:00,C156,R004,F011,2,13.92,26,Cloudy,0,0
1786,2023-02-08,10:44:00,C169,R003,F007,3,7.12,20,Rainy,0,0
1787,2023-01-02,15:19:00,C178,R001,F001,1,14.99,47,Rainy,0,0
1788,2023-01-05,16:17:00,C136,R005,F014,3,10.85,24,Cloudy,0,0
1789,2023-02-11,20:47:00,C181,R004,F012,1,7.06,52,Cloudy,1,0
1790,2023-01-28,11:29:00,C140,R005,F015,1,17.99,53,Sunny,1,0
1791,2023-01-20,17:26:00,C126,R002,F005,3,7.71,52,Sunny,0,0
1792,2023-03-28,21:33:00,C114,R005,F014,3,16.44,43,Rainy,0,0
1793,2023-02-20,16:03:00,C163,R003,F007,3,5.49,25,Cloudy,0,0
1794,2023-01-21,16:30:00,C190,R002,F006,3,17.93,15,Cloudy,1,0
1795,2023-02-04,21:38:00,C124,R001,F003,2,16.77,16,Rainy,1,0
1796,2023-03-05,19:04:00,C101,R001,F002,2,23.57,24,Rainy,1,0
1797,2023-03-17,13:53:00,C148,R005,F015,2,23.28,17,Rainy,0,0
1798,2023-01-05,19:20:00,C189,R005,F014,3,10.36,22,Sunny,0,0
1799,2023-01-15,20:15:00,C115,R001,F001,3,22.39,45,Sunny,1,0
1800,2023-03-21,16:42:00,C165,R005,F014,3,21.43,52,Rainy,0,0
1801,2023-03-30,20:07:00,C170,R001,F002,1,10.09,35,Rainy,0,0
1802,2023-02-15,11:56:00,C108,R005,F015,2,20.13,43,Rainy,0,0
1803,2023-03-21,13:19:00,C136,R005,F014,3,16.76,54,Sunny,0,0
1804,2023-03-21,15:27:00,C196,R005,F013,1,10.68,41,Sunny,0,0
1805,2023-03-31,12:48:00,C191,R003,F009,1,18.5,21,Rainy,0,0
1806,2023-02-05,18:26:00,C145,R002,F005,1,20.18,41,Sunny,1,0
1807,2023-03-28,19:41:00,C124,R004,F011,1,21.26,20,Sunny,0,0
1808,2023-03-07,19:57:00,C186,R002,F005,2,19.95,53,Sunny,0,0
1809,2023-03-06,10:58:00,C193,R001,F001,3,20.78,25,Rainy,0,0
1810,2023-03-05,21:44:00,C176,R002,F004,3,23.42,38,Cloudy,1,0
1811,2023-03-22,12:53:00,C197,R001,F003,1,20.1,18,Cloudy,0,0
1812,2023-03-10,12:12:00,C174,R002,F005,2,10.9,56,Rainy,0,0
1813,2023-03-28,16:58:00,C175,R003,F009,1,22.92,51,Cloudy,0,0
1814,2023-01-02,18:06:00,C119,R004,F011,1,23.91,42,Sunny,0,0
1815,2023-01-01,21:55:00,C129,R003,F008,1,16.49,30,Rainy,1,1
1816,2023-03-24,10:04:00,C121,R003,F009,1,8.94,50,Sunny,0,0
1817,2023-03-23,11:15:00,C117,R001,F002,2,18.54,58,Cloudy,0,0
1818,2023-02-16,16:28:00,C184,R002,F004,3,7.81,45,Rainy,0,0
1819,2023-02-18,14:01:00,C147,R004,F011,2,24.6,49,Rainy,1,0
1820,2023-02-27,12:19:00,C140,R002,F006,3,23.2,30,Sunny,0,0
1821,2023-01-07,16:11:00,C104,R003,F007,2,23.72,24,Cloudy,1,0
1822,2023-03-22,14:44:00,C108,R002,F004,1,14.48,32,Sunny,0,0
1823,2023-03-03,18:28:00,C177,R005,F013,3,11.31,56,Sunny,0,0
1824,2023-03-20,13:17:00,C156,R002,F004,3,9.7,28,Cloudy,0,0
1825,2023-03-03,19:37:00,C181,R005,F014,3,8.55,39,Sunny,0,0
1826,2023-03-18,13:54:00,C191,R001,F001,2,20.9,19,Cloudy,1,0
1827,2023-02-14,18:41:00,C166,R001,F002,2,10.43,17,Rainy,0,0
1828,2023-02-26,18:25:00,C161,R002,F006,2,15.29,27,Cloudy,1,0
1829,2023-02-13,12:54:00,C101,R001,F001,2,6.13,45,Cloudy,0,0
1830,2023-01-02,11:12:00,C157,R005,F014,2,19.64,57,Cloudy,0,0
1831,2023-03-30,11:36:00,C112,R003,F009,2,17.7,38,Sunny,0,0
1832,2023-03-11,20:59:00,C148,R002,F005,1,19.3,25,Cloudy,1,0
1833,2023-03-31,11:20:00,C151,R004,F011,2,10.54,44,Rainy,0,0
1834,2023-01-30,17:33:00,C172,R001,F003,1,18.29,25,Cloudy,0,0
1835,2023-03-13,12:22:00,C139,R003,F008,3,14.11,56,Sunny,0,0
1836,2023-02-08,21:40:00,C182,R001,F001,3,10.38,30,Cloudy,0,0
1837,2023-01-07,19:31:00,C171,R004,F010,2,17.56,19,Sunny,1,0
1838,2023-01-26,14:21:00,C127,R005,F013,3,13.96,57,Rainy,0,0
1839,2023-01-30,19:15:00,C138,R005,F013,2,13.83,52,Rainy,0,0
1840,2023-01-06,11:37:00,C187,R002,F005,3,19.39,42,Rainy,0,0
1841,2023-01-17,16:28:00,C169,R002,F005,2,14.26,40,Cloudy,0,0
1842,2023-01-12,12:13:00,C122,R003,F009,2,23.6,35,Sunny,0,0
1843,2023-01-10,14:54:00,C108,R003,F009,2,22.06,48,Cloudy,0,0
1844,2023-02-27,11:34:00,C158,R003,F008,3,10.71,33,Cloudy,0,0
1845,2023-03-23,16:08:00,C175,R004,F010,3,9.91,44,Sunny,0,0
1846,2023-01-01,20:27:00,C181,R005,F013,1,11.62,59,Cloudy,1,1
1847,2023-01-22,13:10:00,C145,R002,F004,3,17.71,29,Cloudy,1,0
1848,2023-02-11,18:42:00,C148,R002,F006,2,10.38,16,Rainy,1,0
1849,2023-01-31,12:39:00,C128,R002,F006,2,20.8,39,Sunny,0,0
1850,2023-02-22,12:53:00,C117,R002,F004,2,20.39,15,Sunny,0,0
1851,2023-01-27,19:58:00,C199,R004,F010,1,23.16,54,Rainy,0,0
1852,2023-01-03,21:38:00,C165,R004,F011,2,24.36,19,Sunny,0,0
1853,2023-03-26,20:04:00,C190,R003,F007,2,15.75,47,Cloudy,1,0
1854,2023-02-15,14:50:00,C159,R004,F012,3,7.86,16,Sunny,0,0
1855,2023-01-27,12:01:00,C120,R005,F014,1,24.07,35,Sunny,0,0
1856,2023-01-20,15:19:00,C124,R002,F005,1,20.3,20,Sunny,0,0
1857,2023-03-08,10:00:00,C104,R003,F007,3,17.26,39,Sunny,0,0
1858,2023-02-04,21:29:00,C197,R005,F014,3,10.06,17,Sunny,1,0
1859,2023-03-25,14:23:00,C171,R001,F002,2,10.21,27,Sunny,1,0
1860,2023-02-08,18:45:00,C108,R004,F011,3,7.02,27,Cloudy,0,0
1861,2023-01-15,13:48:00,C185,R005,F013,2,22.47,32,Cloudy,1,0
1862,2023-01-04,19:04:00,C154,R004,F012,2,19.01,37,Sunny,0,0
1863,2023-01-14,10:32:00,C120,R001,F001,3,15.27,31,Rainy,1,0
1864,2023-01-14,13:29:00,C152,R003,F009,1,21.11,47,Cloudy,1,0
1865,2023-01-18,18:32:00,C153,R005,F013,3,9.77,49,Sunny,0,0
1866,2023-02-03,13:24:00,C173,R004,F011,1,7.13,30,Rainy,0,0
1867,2023-03-02,10:15:00,C115,R003,F008,3,13.95,57,Sunny,0,0
1868,2023-02-01,18:05:00,C119,R003,F007,2,6.53,52,Cloudy,0,0
1869,2023-03-25,15:38:00,C154,R001,F001,1,9.1,48,Cloudy,1,0
1870,2023-03-20,19:56:00,C153,R002,F006,2,21.42,45,Cloudy,0,0
1871,2023-01-29,19:31:00,C113,R001,F002,1,16.67,41,Sunny,1,0
1872,2023-02-28,13:17:00,C136,R002,F005,1,18.18,22,Rainy,0,0
1873,2023-03-27,12:29:00,C191,R005,F015,3,24.99,45,Sunny,0,0
1874,2023-03-28,12:11:00,C136,R003,F009,1,15.79,40,Rainy,0,0
1875,2023-03-25,13:03:00,C137,R002,F006,3,21.04,25,Rainy,1,0
1876,2023-01-08,20:36:00,C154,R002,F005,2,5.55,24,Cloudy,1,0
1877,2023-01-09,12:10:00,C175,R004,F012,1,19.5,42,Cloudy,0,0
1878,2023-02-08,18:20:00,C142,R002,F006,3,18.31,35,Rainy,0,0
1879,2023-01-23,14:03:00,C177,R004,F010,1,24.73,51,Sunny,0,0
1880,2023-02-27,11:32:00,C180,R003,F009,3,15.24,36,Rainy,0,0
1881,2023-03-08,21:35:00,C165,R004,F011,3,16.87,31,Cloudy,0,0
1882,2023-01-28,21:29:00,C131,R001,F002,2,10.94,20,Cloudy,1,0
1883,2023-03-23,17:36:00,C139,R002,F006,3,18.84,38,Sunny,0,0
1884,2023-01-18,21:11:00,C127,R001,F003,3,22.88,25,Rainy,0,0
1885,2023-02-04,13:28:00,C127,R002,F006,2,11.31,42,Rainy,1,0
1886,2023-02-22,17:03:00,C199,R003,F007,1,21.06,44,Cloudy,0,0
1887,2023-03-04,19:56:00,C197,R005,F015,3,13.13,53,Rainy,1,0
1888,2023-03-19,14:49:00,C181,R004,F010,3,14.87,19,Cloudy,1,0
1889,2023-01-20,12:47:00,C110,R004,F012,3,22.88,21,Rainy,0,0
1890,2023-02-03,19:18:00,C108,R002,F006,2,8.38,59,Rainy,0,0
1891,2023-01-25,13:13:00,C124,R004,F012,3,8.48,30,Cloudy,0,0
1892,2023-03-15,13:50:00,C127,R003,F007,3,21.73,47,Rainy,0,0
1893,2023-03-24,15:02:00,C181,R005,F015,2,6.02,20,Cloudy,0,0
1894,2023-02-09,21:28:00,C193,R003,F008,1,18.29,43,Sunny,0,0
1895,2023-03-15,11:43:00,C159,R005,F013,3,21.99,54,Sunny,0,0
1896,2023-01-19,20:00:00,C132,R003,F008,1,7.05,22,Sunny,0,0
1897,2023-02-11,11:08:00,C170,R003,F009,1,24.85,39,Cloudy,1,0
1898,2023-03-03,16:45:00,C145,R002,F005,3,19.06,53,Cloudy,0,0
1899,2023-02-04,10:45:00,C190,R005,F014,3,21.18,31,Sunny,1,0
1900,2023-02-16,13:53:00,C108,R005,F013,1,19.47,35,Rainy,0,0
1901,2023-03-26,14:09:00,C112,R003,F007,1,13.53,22,Rainy,1,0
1902,2023-03-14,10:40:00,C110,R003,F008,1,9.75,39,Cloudy,0,0
1903,2023-03-03,15:35:00,C189,R005,F014,3,7.51,15,Rainy,0,0
1904,2023-01-04,21:55:00,C176,R003,F009,2,21.49,18,Cloudy,0,0
1905,2023-01-22,20:55:00,C157,R001,F001,3,8.51,21,Cloudy,1,0
1906,2023-02-24,16:41:00,C172,R002,F004,2,23.9,50,Sunny,0,0
1907,2023-01-24,21:16:00,C112,R002,F006,1,10.14,41,Cloudy,0,0
1908,2023-03-20,10:19:00,C111,R002,F004,1,8.85,46,Rainy,0,0
1909,2023-01-25,16:20:00,C130,R005,F013,2,22.8,19,Sunny,0,0
1910,2023-01-28,20:24:00,C198,R003,F009,3,19.66,46,Cloudy,1,0
1911,2023-03-03,16:36:00,C185,R002,F005,1,19.55,47,Rainy,0,0
1912,2023-03-22,19:11:00,C107,R003,F009,2,13.81,43,Rainy,0,0
1913,2023-01-20,10:15:00,C107,R003,F008,2,15.24,55,Rainy,0,0
1914,2023-01-31,21:59:00,C116,R004,F012,1,11.22,26,Sunny,0,0
1915,2023-01-18,15:57:00,C142,R004,F012,2,10.25,19,Rainy,0,0
1916,2023-01-16,17:24:00,C185,R002,F006,3,10.04,26,Sunny,0,0
1917,2023-03-11,20:19:00,C122,R005,F013,2,7.52,30,Rainy,1,0
1918,2023-02-15,15:07:00,C119,R003,F009,2,16.91,48,Cloudy,0,0
1919,2023-02-02,20:53:00,C133,R004,F011,3,6.89,37,Rainy,0,0
1920,2023-02-25,16:53:00,C160,R001,F003,3,5.82,48,Sunny,1,0
1921,2023-02-13,21:29:00,C158,R001,F002,3,21.23,32,Sunny,0,0
1922,2023-02-28,20:48:00,C162,R004,F012,2,13.98,20,Cloudy,0,0
1923,2023-03-03,11:35:00,C116,R005,F014,1,19.55,17,Rainy,0,0
1924,2023-02-22,12:18:00,C151,R002,F006,3,8.27,26,Sunny,0,0
1925,2023-01-10,16:45:00,C148,R001,F001,1,22.83,39,Cloudy,0,0
1926,2023-03-22,16:32:00,C123,R002,F006,1,6.7,18,Sunny,0,0
1927,2023-01-13,16:18:00,C138,R002,F004,2,20.98,45,Sunny,0,0
1928,2023-03-03,11:38:00,C174,R001,F002,3,17.55,43,Rainy,0,0
1929,2023-01-16,16:12:00,C180,R005,F013,3,6.6,22,Sunny,0,0
1930,2023-03-07,18:10:00,C125,R005,F015,1,10.01,20,Cloudy,0,0
1931,2023-01-29,20:38:00,C118,R002,F005,2,21.1,51,Sunny,1,0
1932,2023-01-30,16:08:00,C196,R001,F003,1,15.06,32,Rainy,0,0
1933,2023-01-11,10:00:00,C183,R005,F013,3,20.22,28,Cloudy,0,0
1934,2023-01-17,16:45:00,C135,R005,F013,2,9.8,36,Sunny,0,0
1935,2023-01-25,11:54:00,C103,R005,F014,1,16.2,51,Cloudy,0,0
1936,2023-03-30,19:54:00,C132,R004,F011,1,6.56,30,Rainy,0,0
1937,2023-01-16,17:19:00,C191,R005,F015,1,18.24,16,Cloudy,0,0
1938,2023-03-27,21:09:00,C121,R002,F005,1,14.41,47,Sunny,0,0
1939,2023-03-31,20:56:00,C162,R003,F007,2,12.81,28,Sunny,0,0
1940,2023-02-12,10:39:00,C184,R001,F001,3,12.32,25,Sunny,1,0
1941,2023-03-15,19:42:00,C169,R004,F012,3,22.39,59,Sunny,0,0
1942,2023-01-06,10:05:00,C121,R002,F004,1,12.43,40,Cloudy,0,0
1943,2023-03-29,15:05:00,C164,R003,F008,2,21.16,25,Rainy,0,0
1944,2023-02-08,16:10:00,C151,R004,F012,1,23.6,55,Rainy,0,0
1945,2023-02-25,17:08:00,C109,R005,F014,2,9.53,57,Cloudy,1,0
1946,2023-03-11,12:55:00,C114,R003,F007,2,8.79,21,Cloudy,1,0
1947,2023-01-18,11:51:00,C187,R001,F002,2,15.42,21,Rainy,0,0
1948,2023-02-11,14:10:00,C133,R001,F001,3,11.93,34,Sunny,1,0
1949,2023-03-28,14:23:00,C111,R004,F011,2,20.85,47,Rainy,0,0
1950,2023-02-05,14:10:00,C194,R004,F012,1,17.15,27,Rainy,1,0
1951,2023-01-26,11:15:00,C174,R001,F003,3,11.19,51,Sunny,0,0
1952,2023-02-27,15:38:00,C127,R002,F004,3,9.16,24,Cloudy,0,0
1953,2023-01-14,21:46:00,C193,R002,F005,2,18.24,56,Rainy,1,0
1954,2023-03-22,17:38:00,C190,R004,F010,2,14.19,15,Sunny,0,0
1955,2023-03-25,14:18:00,C139,R004,F010,1,9.64,36,Rainy,1,0
1956,2023-03-17,19:42:00,C105,R001,F003,2,9.87,30,Sunny,0,0
1957,2023-01-16,10:50:00,C182,R005,F014,1,5.7,40,Rainy,0,0
1958,2023-03-03,17:32:00,C129,R002,F006,2,5.22,24,Sunny,0,0
1959,2023-01-04,18:12:00,C187,R002,F005,1,20.29,23,Cloudy,0,0
1960,2023-01-10,10:41:00,C108,R005,F015,3,25.0,19,Sunny,0,0
1961,2023-01-22,18:22:00,C124,R004,F012,1,8.55,48,Cloudy,1,0
1962,2023-01-09,21:48:00,C150,R001,F002,1,10.7,55,Rainy,0,0
1963,2023-02-27,13:35:00,C178,R005,F014,1,22.4,30,Rainy,0,0
1964,2023-03-17,12:39:00,C128,R002,F006,2,16.76,53,Rainy,0,0
1965,2023-01-01,16:20:00,C114,R001,F001,2,20.57,48,Rainy,1,1
1966,2023-02-17,10:33:00,C109,R005,F014,1,7.13,19,Cloudy,0,0
1967,2023-01-28,16:47:00,C116,R005,F013,2,6.14,25,Rainy,1,0
1968,2023-03-02,20:30:00,C172,R001,F002,1,16.3,19,Rainy,0,0
1969,2023-01-30,10:10:00,C147,R004,F010,2,7.62,18,Rainy,0,0
1970,2023-01-25,12:08:00,C173,R004,F011,3,20.4,36,Rainy,0,0
1971,2023-01-02,11:31:00,C115,R002,F004,1,10.8,27,Cloudy,0,0
1972,2023-02-22,21:07:00,C145,R002,F004,2,12.81,52,Cloudy,0,0
1973,2023-01-11,14:42:00,C119,R004,F010,2,8.34,24,Rainy,0,0
1974,2023-01-26,18:45:00,C130,R003,F008,3,13.98,20,Rainy,0,0
1975,2023-03-09,19:46:00,C118,R001,F001,3,5.39,43,Cloudy,0,0
1976,2023-03-21,18:39:00,C170,R003,F008,2,22.46,45,Rainy,0,0
1977,2023-02-11,18:35:00,C188,R005,F014,2,16.56,42,Sunny,1,0
1978,2023-02-04,18:12:00,C131,R005,F014,2,22.12,55,Rainy,1,0
1979,2023-02-23,17:57:00,C136,R004,F010,1,9.12,18,Cloudy,0,0
1980,2023-01-10,20:13:00,C144,R004,F010,3,15.2,55,Cloudy,0,0
1981,2023-01-29,11:19:00,C148,R002,F005,3,21.13,56,Rainy,1,0
1982,2023-03-23,18:18:00,C107,R004,F012,3,10.25,36,Sunny,0,0
1983,2023-01-17,12:08:00,C175,R005,F013,3,23.54,25,Cloudy,0,0
1984,2023-02-13,17:37:00,C147,R004,F012,1,22.01,18,Cloudy,0,0
1985,2023-03-18,18:03:00,C172,R004,F010,2,11.41,27,Cloudy,1,0
1986,2023-02-27,12:23:00,C176,R003,F007,2,16.39,16,Rainy,0,0
1987,2023-03-27,19:08:00,C113,R001,F001,3,16.33,31,Rainy,0,0
1988,2023-03-03,20:46:00,C180,R002,F006,3,14.36,34,Rainy,0,0
1989,2023-03-21,20:52:00,C162,R001,F002,3,15.18,47,Rainy,0,0
1990,2023-02-28,21:14:00,C191,R002,F005,3,21.85,47,Sunny,0,0
1991,2023-03-03,16:14:00,C145,R004,F011,2,13.27,58,Cloudy,0,0
1992,2023-01-29,18:51:00,C182,R001,F002,2,15.73,22,Sunny,1,0
1993,2023-02-15,18:33:00,C186,R001,F001,3,5.81,22,Rainy,0,0
1994,2023-02-17,13:14:00,C121,R001,F003,2,8.19,50,Rainy,0,0
1995,2023-03-23,12:09:00,C164,R001,F003,1,8.74,19,Cloudy,0,0
1996,2023-03-24,18:55:00,C114,R005,F015,3,5.0,26,Rainy,0,0
1997,2023-01-20,14:02:00,C140,R001,F003,2,8.83,37,Cloudy,0,0
1998,2023-03-26,18:12:00,C126,R004,F012,1,16.01,15,Rainy,1,0
1999,2023-03-04,12:08:00,C139,R005,F015,1,6.53,58,Rainy,1,0
